PRAGMA defer_foreign_keys=TRUE;
INSERT INTO "d1_migrations" VALUES(1,'0001_initial.sql','2026-01-08 08:51:59');
INSERT INTO "d1_migrations" VALUES(2,'0002_seed.sql','2026-01-08 08:52:00');
INSERT INTO "volumes" VALUES('grade-1-vol-1','语文一年级上册');
INSERT INTO "volumes" VALUES('grade-1-vol-2','语文一年级下册');
INSERT INTO "volumes" VALUES('grade-2-vol-1','语文二年级上册');
INSERT INTO "volumes" VALUES('grade-2-vol-2','语文二年级下册');
INSERT INTO "volumes" VALUES('grade-3-vol-1','语文三年级上册');
INSERT INTO "volumes" VALUES('grade-3-vol-2','语文三年级下册');
INSERT INTO "volumes" VALUES('grade-4-vol-1','语文四年级上册');
INSERT INTO "volumes" VALUES('grade-4-vol-2','语文四年级下册');
INSERT INTO "volumes" VALUES('grade-5-vol-1','语文五年级上册');
INSERT INTO "volumes" VALUES('grade-5-vol-2','语文五年级下册');
INSERT INTO "articles" VALUES(1,'grade-1-vol-1','识字2 金木水火土','一二三四五，金木水火土。\n天地分上下，日月照今古。');
INSERT INTO "articles" VALUES(2,'grade-1-vol-1','识字3 口耳目','站如松，坐如钟。行如风，卧如弓。');
INSERT INTO "articles" VALUES(3,'grade-1-vol-1','识字5 对韵歌','云对雨，雪对风。花对树，鸟对虫。\n山清对水秀，柳绿对桃红。');
INSERT INTO "articles" VALUES(4,'grade-1-vol-1','课文1 秋天','天气凉了，树叶黄了，\n一片片叶子从树上落下来。\n天空那么蓝，那么高。\n一群大雁往南飞，一会儿排成个“人”字，\n一会儿排成个“一”字。啊！秋天来了！');
INSERT INTO "articles" VALUES(5,'grade-1-vol-1','课文2 小小的船','弯弯的月儿小小的船，\n小小的船儿两头尖。\n我在小小的船里坐，\n只看见闪闪的星星蓝蓝的天。');
INSERT INTO "articles" VALUES(6,'grade-1-vol-1','课文3 江南','江南可采莲，莲叶何田田。\n鱼戏莲叶间。鱼戏莲叶东，\n鱼戏莲叶西，鱼戏莲叶南，鱼戏莲叶北。');
INSERT INTO "articles" VALUES(7,'grade-1-vol-1','课文4 四季','草芽尖尖，他对小鸟说：“我是春天。”\n荷叶圆圆，他对青蛙说：“我是夏天。”\n谷穗弯弯，他鞠着躬说：“我是秋天。”\n雪人大肚子一挺，他顽皮地说：\n“我就是冬天。”');
INSERT INTO "articles" VALUES(8,'grade-1-vol-1','识字6 画','远看山有色，近听水无声。\n春去花还在，人来鸟不惊。');
INSERT INTO "articles" VALUES(9,'grade-1-vol-1','识字7 大小多少','一个大，一个小，一头黄牛一只猫。\n一边多，一边少，一群鸭子一只鸟。\n一个大，一个小，一个苹果一颗枣。\n一边多，一边少，一堆杏子一个桃。');
INSERT INTO "articles" VALUES(10,'grade-1-vol-1','识字8 小书包','我的小书包，宝贝真不少。\n课本作业本，铅笔转笔刀。\n上课静悄悄，下课不乱跑。\n天天起得早，陪我去学校。');
INSERT INTO "articles" VALUES(11,'grade-1-vol-1','识字9 日月明','日月明，田力男。小大尖，小土尘。\n二人从，三人众。双木林，三木森。\n一人不成众，独木不成林。\n众人一条心，黄土变成金。');
INSERT INTO "articles" VALUES(12,'grade-1-vol-1','识字10 升国旗','五星红旗，我们的国旗。\n国歌声中，徐徐升起。\n迎风飘扬，多么美丽。\n向着国旗，我们立正。\n望着国旗，我们敬礼。');
INSERT INTO "articles" VALUES(13,'grade-1-vol-1','课文5 影子','影子在前，影子在后，\n影子常常跟着我，就像一条小黑狗。\n影子在左，影子在右，\n影子常常陪着我，它是我的好朋友。');
INSERT INTO "articles" VALUES(14,'grade-1-vol-1','课文6 比尾巴','谁的尾巴长？谁的尾巴短？\n谁的尾巴好像一把伞？\n猴子的尾巴长。兔子的尾巴短。\n松鼠的尾巴好像一把伞。\n谁的尾巴弯？谁的尾巴扁？\n谁的尾巴最好看？\n公鸡的尾巴弯。鸭子的尾巴扁。\n孔雀的尾巴最好看。');
INSERT INTO "articles" VALUES(15,'grade-1-vol-1','课文7 青蛙写诗','下雨了，雨点儿淅沥沥，沙啦啦。\n青蛙说：“我要写诗啦！”\n小蝌蚪游过来说：“我要给你当个小逗号。”\n池塘里的水泡泡说：“我能当个小句号。”\n荷叶上的一串水珠说：“我们可以当省略号。”\n青蛙的诗写成了：“呱呱，呱呱，\n呱呱呱。呱呱，呱呱，呱呱呱……”');
INSERT INTO "articles" VALUES(16,'grade-1-vol-1','课文8 雨点儿','数不清的雨点儿，从云彩里飘落下来。\n半空中，大雨点儿问小雨点儿：\n“你要到哪里去？”\n小雨点儿回答：“我要去有花有草的地方。你呢？”\n大雨点儿说：“我要去没有花没有草的地方。”\n不久，有花有草的地方，\n花更红了，草更绿了。\n没有花没有草的地方，\n开出了红的花，长出了绿的草。');
INSERT INTO "articles" VALUES(17,'grade-1-vol-1','课文9 明天要远足','翻过来，唉——睡不着。\n那地方的海，真的像老师说的，\n那么多种颜色吗？\n翻过去，唉——睡不着。\n那地方的云，真的像同学说的，\n那么洁白柔软吗？\n翻过来，翻过去，唉——\n到底什么时候，才天亮呢？');
INSERT INTO "articles" VALUES(18,'grade-1-vol-1','课文10 大还是小','有时候，我觉得自己很大。\n我自己穿衣服的时候，我自己系鞋带的时候，\n我觉得自己很大。\n有时候，我觉得自己很小。\n我够不到按钮的时候，\n我听到雷声喊妈妈的时候，\n我觉得自己很小。\n有时候，我希望自己不要长大。\n更多的时候，我盼着自己快点儿长大。');
INSERT INTO "articles" VALUES(19,'grade-1-vol-1','课文11 项链','大海，蓝蓝的，又宽又远。\n沙滩，黄黄的，又长又软。\n雪白雪白的浪花，哗哗地笑着，\n涌向沙滩，悄悄撒下小小的海螺和贝壳。\n小娃娃嘻嘻地笑着，迎上去，\n捡起小小的海螺和贝壳，穿成彩色的项链，\n挂在胸前。快活的脚印落在沙滩上，\n穿成金色的项链，挂在大海胸前。');
INSERT INTO "articles" VALUES(20,'grade-1-vol-1','课文12 雪地里的小画家','下雪啦，下雪啦！雪地里来了一群小画家。\n小鸡画竹叶，小狗画梅花，\n小鸭画枫叶，小马画月牙。\n不用颜料不用笔，几步就成一幅画。\n青蛙为什么没参加？他在洞里睡着啦。');
INSERT INTO "articles" VALUES(21,'grade-1-vol-1','课文13 乌鸦喝水','一只乌鸦口渴了，到处找水喝。\n乌鸦看见一个瓶子，瓶子里有水。\n但是，瓶子里水不多，瓶口又小，\n乌鸦喝不着水，怎么办呢？\n乌鸦看见旁边有许多小石子，想出办法来了。\n乌鸦把小石子一颗一颗地放进瓶子里。\n瓶子里的水渐渐升高，乌鸦就喝着水了。');
INSERT INTO "articles" VALUES(22,'grade-1-vol-1','课文14 小蜗牛','蜗牛一家住在小树林的旁边。\n春天来了，蜗牛妈妈对小蜗牛说：\n“孩子，到小树林里去玩吧，小树发芽了。”\n小蜗牛爬呀，爬呀，好久才爬回来。\n它说：“妈妈，小树长满了叶子，\n碧绿碧绿的，地上还长着许多草莓呢。”\n蜗牛妈妈说：“哦，已经是夏天了！\n快去摘几颗草莓回来。”\n小蜗牛爬呀，爬呀，好久才爬回来。\n它说：“妈妈，草莓没有了，\n地上长着蘑菇，树叶全变黄了。”\n蜗牛妈妈说：“哦，已经是秋天了！\n快去采几个蘑菇回来。”\n小蜗牛爬呀，爬呀，好久才爬回来。\n它说：“妈妈，蘑菇没有了，\n地上盖着雪，树叶全掉了。”\n蜗牛妈妈说：“哦，已经是冬天了！\n你就待在家里过冬吧。”');
INSERT INTO "articles" VALUES(23,'grade-1-vol-2','识字1 春夏秋冬','春风吹，夏雨落，\n秋霜降，冬雪飘。\n青草，红花，游鱼，飞鸟。\n池草青，山花红，\n鱼出水，鸟入林。');
INSERT INTO "articles" VALUES(24,'grade-1-vol-2','识字2 姓氏歌','你姓什么？我姓李。\n什么李？木子李。\n他姓什么？他姓张。\n什么张？弓长张。\n古月胡，口天吴，\n双人徐，言午许。\n中国姓氏有很多，\n赵、钱、孙、李，周、吴、郑、王，\n诸葛、东方，上官、欧阳……');
INSERT INTO "articles" VALUES(25,'grade-1-vol-2','识字3 小青蛙','河水清清天气晴，\n小小青蛙大眼睛。\n保护禾苗吃害虫，\n做了不少好事情。\n请你爱护小青蛙，\n好让禾苗不生病。');
INSERT INTO "articles" VALUES(26,'grade-1-vol-2','识字4 猜字谜','左边绿，右边红，\n左右相遇起凉风。\n绿的喜欢及时雨，\n红的最怕水来攻。\n言来互相尊重，心至令人感动，\n日出万里无云，水到纯净透明。');
INSERT INTO "articles" VALUES(27,'grade-1-vol-2','课文1 吃水不忘挖井人','瑞金城外有个村子叫沙洲坝，\n毛主席在江西领导革命的时候，\n在那儿住过。村子里没有水井，\n乡亲们吃水要到很远的地方去挑。\n毛主席就带领战士和乡亲们\n挖了一口井。解放以后，\n乡亲们在井旁边立了一块石碑，\n上面刻着：“吃水不忘挖井人，\n时刻想念毛主席。”');
INSERT INTO "articles" VALUES(28,'grade-1-vol-2','课文2 我多想去看看','妈妈告诉我，沿着弯弯的小路，\n就会走出天山。\n遥远的北京城，有一座雄伟的天安门，\n广场上的升旗仪式非常壮观。\n我对妈妈说，我多想去看看，\n我多想去看看！爸爸告诉我，\n沿着宽宽的公路，就会走出北京。\n遥远的新疆，有美丽的天山，\n雪山上盛开着洁白的雪莲。\n我对爸爸说，我多想去看看，\n我多想去看看！');
INSERT INTO "articles" VALUES(29,'grade-1-vol-2','课文3 一个接一个','月夜，正玩着踩影子，\n就听大人叫着：“快回家睡觉！”\n唉，我好想再多玩一会儿啊。\n不过，回家睡着了，\n倒可以做各种各样的梦呢！\n正做着好梦，又听见大人在叫：\n“该起床上学啦！”\n唉，要是不上学就好了。\n不过，去了学校，\n就能见到小伙伴，多么开心哪！\n正和小伙伴们玩着跳房子，\n操场上却响起了上课铃声。\n唉，要是没有上课铃就好了。\n不过，听老师讲故事，\n也是很快乐很有趣的呀！');
INSERT INTO "articles" VALUES(30,'grade-1-vol-2','课文4 四个太阳','我画了个绿绿的太阳，\n挂在夏天的天空。\n高山、田野、街道、校园，\n到处一片清凉。\n我画了个金黄的太阳，送给秋天。\n果园里，果子熟了。\n金黄的落叶忙着邀请小伙伴，\n请他们尝尝水果的香甜。\n我画了个红红的太阳，送给冬天。\n阳光温暖着小朋友冻僵的手和脸。\n春天，春天的太阳该画什么颜色呢？\n哦，画个彩色的。因为春天是个多彩的季节。');
INSERT INTO "articles" VALUES(31,'grade-1-vol-2','课文5 小公鸡和小鸭子','小公鸡和小鸭子一块儿出去玩。\n他们走进草地里。小公鸡\n找到了许多虫子，吃得很欢。\n小鸭子捉不到虫子，急得直哭。\n小公鸡看见了，捉到虫子就给小鸭子吃。\n他们走到小河边。\n小鸭子说：“公鸡弟弟，\n我到河里捉鱼给你吃。”\n小公鸡说：“我也去。”\n小鸭子说：“不行，不行，\n你不会游泳，会淹死的！”\n小公鸡不信，偷偷地跟在\n小鸭子后面，也下了水。\n小鸭子正在水里捉鱼，\n忽然，听见小公鸡喊救命。\n他飞快地游到小公鸡身边，\n让小公鸡坐在自己的背上。\n小公鸡上了岸，笑着对小鸭子说：\n“鸭子哥哥，谢谢你。”');
INSERT INTO "articles" VALUES(32,'grade-1-vol-2','课文6 树和喜鹊','从前，这里只有一棵树，\n树上只有一个鸟窝，\n鸟窝里只有一只喜鹊。\n树很孤单，喜鹊也很孤单。\n后来，这里种了好多好多树，\n每棵树上都有鸟窝，\n每个鸟窝里都有喜鹊。\n树有了邻居，喜鹊也有了邻居。\n每天天一亮，喜鹊们叽叽喳喳叫几声，\n打着招呼一起飞出去了。\n天一黑，他们又叽叽喳喳地\n一起飞回窝里，安安静静地睡觉了。\n树很快乐，喜鹊也很快乐。');
INSERT INTO "articles" VALUES(33,'grade-1-vol-2','课文7 怎么都快乐','一个人玩，很好！独自一个，\n静悄悄的，正好用纸折船，折马……\n踢毽子，跳绳，搭积木，当然还有看书，\n画画，听音乐……两个人玩，很好！\n讲故事得有人听才行，你讲我听，\n我讲你听。还有下象棋，打羽毛球，\n坐跷跷板……三个\n人玩，很好！讲故事多个人听更有劲，\n你讲我们听，我讲你们听。\n两个人甩绳子，你跳，我跳，轮流跳。\n四个人玩，很好！五个人玩，很好！\n许多人玩，更好！人多，什么游戏都能玩，\n拔河，老鹰捉小鸡，打排球，\n打篮球，踢足球……\n连开运动会也可以。');
INSERT INTO "articles" VALUES(34,'grade-1-vol-2','识字5 动物儿歌','蜻蜓半空展翅飞，蝴蝶花间捉迷藏。\n蚯蚓土里造宫殿，蚂蚁地上运食粮。\n蝌蚪池中游得欢，蜘蛛房前结网忙。');
INSERT INTO "articles" VALUES(35,'grade-1-vol-2','识字6 古对今','古对今，圆对方。严寒对酷暑，\n春暖对秋凉。晨对暮，雪对霜。\n和风对细雨，朝霞对夕阳。\n桃对李，柳对杨。莺歌对燕舞，\n鸟语对花香。');
INSERT INTO "articles" VALUES(36,'grade-1-vol-2','识字7 操场上','打球，拔河，拍皮球。\n跳高，跑步，踢足球。\n铃声响，下课了。操场上，真热闹。\n跳绳踢毽丢沙包，天天锻炼身体好。');
INSERT INTO "articles" VALUES(37,'grade-1-vol-2','识字8 人之初','人之初，性本善，性相近，习相远。\n苟不教，性乃迁，教之道，贵以专。\n子不学，非所宜，幼不学，老何为？\n玉不琢，不成器，人不学，不知义。');
INSERT INTO "articles" VALUES(38,'grade-1-vol-2','课文8 静夜思','床前明月光，疑是地上霜。\n举头望明月，低头思故乡。');
INSERT INTO "articles" VALUES(39,'grade-1-vol-2','课文9 夜色','我从前胆子很小很小，\n天一黑就不敢往外瞧。\n妈妈把勇敢的故事讲了又讲，\n可我一看窗外心就乱跳……\n爸爸晚上偏要拉我去散步，\n原来花草都像白天一样微笑。\n从此再黑再黑的夜晚，\n我也能看见小鸟怎样在月光下睡觉……');
INSERT INTO "articles" VALUES(40,'grade-1-vol-2','课文10 端午粽','一到端午节，外婆总会\n煮好一锅粽子，盼着我们回去。\n粽子是用青青的箬竹叶包的，\n里面裹着白白的糯米，\n中间有一颗红红的枣。\n外婆一掀开锅盖，煮熟的粽子\n就飘出一股清香来。\n剥开粽叶，咬一口粽子，真是又黏又甜。\n外婆包的粽子十分好吃，花样也多。\n除了红枣粽，还有红豆粽和鲜肉粽。\n我们在外婆家美滋滋地吃了之后，\n外婆还会装一小篮粽子要我们带回去，\n分给邻居吃。长大了我才知道，\n人们端午节吃粽子，\n据说是为了纪念爱国诗人屈原。');
INSERT INTO "articles" VALUES(41,'grade-1-vol-2','课文11 彩虹','雨停了，天上有一座美丽的桥。\n爸爸，你那把浇花用的水壶呢？\n如果我提着它，走到桥上，\n把水洒下来，那不就是我在下雨吗？\n你就不用挑水去浇田了，你高兴吗？\n妈妈，你梳头用的那面镜子呢？\n如果我拿着它，走到桥上，\n天上不就多了一个月亮吗？\n我拿着圆圆的月亮照着你梳头，\n你高兴吗？哥哥，\n你系在门前树上的秋千呢？\n如果我把它挂在彩虹桥上，\n坐着秋千荡来荡去，\n花裙子飘啊飘的，\n不就成了一朵彩云吗？\n你看见了，高兴吗？');
INSERT INTO "articles" VALUES(42,'grade-1-vol-2','课文12 古诗二首','池上：小娃撑小艇，偷采白莲回。\n不解藏踪迹，浮萍一道开。\n小池：泉眼无声惜细流，树阴照水爱晴柔。\n小荷才露尖尖角，早有蜻蜓立上头。');
INSERT INTO "articles" VALUES(43,'grade-1-vol-2','课文13 荷叶圆圆','荷叶圆圆的，绿绿的。\n小水珠说：“荷叶是我的摇篮。”\n小水珠躺在荷叶上，眨着亮晶晶的眼睛。\n小蜻蜓说：“荷叶是我的停机坪。”\n小蜻蜓立在荷叶上，展开透明的翅膀。\n小青蛙说：“荷叶是我的歌台。”\n小青蛙蹲在荷叶上，呱呱地放声歌唱。\n小鱼儿说：“荷叶是我的凉伞。”\n小鱼儿在荷叶下笑嘻嘻地游来游去，\n捧起一朵朵很美很美的水花。');
INSERT INTO "articles" VALUES(44,'grade-1-vol-2','课文14 要下雨了','小白兔弯着腰在山坡上割草。\n天阴沉沉的，小白兔直起身子，\n伸了伸腰。小燕子从他头上飞过。\n小白兔大声喊：“燕子，燕子，\n你为什么飞得这么低呀？”\n燕子边飞边说：“要下雨了，\n空气很潮湿，虫子的翅膀沾了小水珠，\n飞不高。我正忙着捉虫子呢！”\n是要下雨了吗？小白兔往前边池子里一看，\n小鱼都游到水面上来了。\n小白兔跑过去，问：“小鱼，小鱼，\n今天怎么有空出来呀？”\n小鱼说：“要下雨了，水里闷得很，\n我们到水面上来透透气。\n小白兔，你快回家吧，小心淋着雨。”\n小白兔连忙挎起篮子往家跑。\n他看见路边有一大群蚂蚁，\n就把要下雨的消息告诉了蚂蚁。\n一只大蚂蚁说：“是要下雨了，\n我们正忙着搬东西呢！”\n小白兔加快步子往家跑。\n他一边跑一边喊：“妈妈，妈妈，\n要下雨了！”轰隆隆，天空响起了\n一阵雷声。哗，哗，哗，\n大雨真的下起来了！');
INSERT INTO "articles" VALUES(45,'grade-1-vol-2','课文15 文具的家','铅笔，只用了一次，不知丢到哪里去了。\n橡皮，只擦了一回，再想擦，\n就找不着了。贝贝一回到家，\n就向妈妈要新的铅笔、新的橡皮。\n妈妈说：“你怎么天天丢东西呢？”\n贝贝眨着一双大眼睛，对妈妈说：\n“我也不知道。”妈妈说：“贝贝，\n你有一个家，每天放学后，\n你都平平安安地回家。\n你要想想办法，让你的铅笔、橡皮\n和转笔刀，也有自己的家呀。”\n贝贝想起来了，她书包里的文具盒，\n就是这些文具的家。从此，\n每天放学的时候，贝贝都要仔细检查，\n铅笔呀，橡皮呀，转笔刀哇，\n所有的小伙伴是不是都回家了。');
INSERT INTO "articles" VALUES(46,'grade-1-vol-2','课文16 一分钟','丁零零，闹钟响了。元元打了个哈欠，\n翻了个身，心想：再睡一分钟吧，\n就睡一分钟，不会迟到的。\n过了一分钟，元元起来了。\n他很快地洗了脸，吃了早点，\n就背着书包上学去了。\n到了十字路口，他看见前面是绿灯，\n刚想走过去，红灯亮了。\n他叹了口气，说：“要是早一分钟就好了。”\n他等了一会儿，才走过十字路口。\n他向停在车站的公共汽车跑去，\n眼看就要到了，车子开了。\n他又叹了口气，说：“要是早一分钟就好了。”\n他等啊等，一直不见公共汽车的影子，\n元元决定走到学校去。\n到了学校，已经上课了。\n元元红着脸，低着头，\n坐到了自己的座位上。\n李老师看了看手表，说：“元元，\n今天你迟到了二十分钟。”\n元元非常后悔。');
INSERT INTO "articles" VALUES(47,'grade-1-vol-2','课文17 动物王国开大会','动物王国要开大会，老虎让狗熊通知大家。\n狗熊用喇叭大声喊：“大家注意，\n动物王国要开大会，请你们都参加！”\n一连说了十遍。\n狐狸奔来了，对狗熊说：\n“你说一百遍，大会也开不起来。”\n“为什么？”狗熊问。\n“因为你没告诉大家，在明天什么时候开，\n上午还是下午，几点钟开。”\n狗熊一听，说：“有道理，有道理！”\n于是又去问老虎。\n老虎说：“大会就在明天上午八点开，\n你再去通知大家吧！”\n狗熊又用喇叭大声喊：“大家注意，\n动物王国要在明天上午八点开大会，\n请你们都参加！”一连说了十遍。\n大灰狼跑来对狗熊说：\n“你说一百遍，大会也开不起来。”\n“为什么？”狗熊问。\n“因为你没告诉大家，在什么地方开会。”\n狗熊一听，说：“有道理，有道理！”\n于是又去问老虎。\n老虎说：“大会在森林广场开，\n你再去通知大家吧！”\n狗熊又用喇叭大声喊：“大家注意，\n动物王国要在明天上午八点\n在森林广场开大会，请大家准时参加！”\n一连说了十遍。这一次，大家\n都明白了。第二天上午，动物们\n都来到森林广场，准时参加了大会。');
INSERT INTO "articles" VALUES(48,'grade-1-vol-2','课文18 小猴子下山','有一天，小猴子下山来，\n走到一块玉米地里。他看见玉米\n结得又大又多，非常高兴，\n就掰了一个，扛着往前走。\n小猴子扛着玉米，走到一棵桃树下。\n他看见满树的桃子又大又红，\n非常高兴，就扔了玉米，去摘桃子。\n小猴子捧着几个桃子，\n走到一片瓜地里。他看见满地的西瓜\n又大又圆，非常高兴，\n就扔了桃子，去摘西瓜。\n小猴子抱着一个大西瓜往回走。\n走着走着，他看见一只小兔子\n蹦蹦跳跳的，真可爱，就扔了西瓜，\n去追小兔子。小兔子跑进树林里，\n不见了。小猴子只好空着手回家去。');
INSERT INTO "articles" VALUES(49,'grade-1-vol-2','课文19 棉花姑娘','棉花姑娘生病了，叶子上有许多可恶的蚜虫。\n她多么盼望有医生来给她治病啊！\n燕子飞来了。棉花姑娘说：\n“请你帮我捉害虫吧！”\n燕子说：“对不起，我只会捉\n空中飞的害虫，你还是请别人帮忙吧！”\n啄木鸟飞来了。棉花姑娘说：\n“请你帮我捉害虫吧！”\n啄木鸟说：“对不起，我只会捉\n树干里的害虫，你还是请别人帮忙吧！”\n青蛙跳来了。棉花姑娘高兴地说：\n“请你帮我捉害虫吧！”\n青蛙说：“对不起，我只会捉\n田里的害虫，你还是请别人帮忙吧！”\n忽然，一群圆圆的小虫子飞来了，\n很快就把蚜虫吃光了。\n棉花姑娘惊奇地问：“你们是谁呀？”\n小虫子说：“我们身上有七个斑点，\n就像七颗星星，大家叫我们七星瓢虫。”\n不久，棉花姑娘的病好了，\n长出了碧绿碧绿的叶子，\n吐出了雪白雪白的棉花。\n她咧开嘴笑啦！');
INSERT INTO "articles" VALUES(50,'grade-1-vol-2','课文20 咕咚','木瓜熟了。一个木瓜从高高的树上\n掉进湖里，咕咚！\n兔子吓了一跳，拔腿就跑。\n小猴子看见了，问他为什么跑。\n兔子一边跑一边叫：\n“不好啦，‘咕咚’可怕极了！”\n小猴子一听，就跟着跑起来。\n他一边跑一边大叫：“不好啦，\n不好啦，‘咕咚’来了，大家快跑哇！”\n这一下可热闹了。狐狸呀，山羊啊，\n小鹿哇，一个跟着一个跑起来。\n大伙一边跑一边叫：“快逃命啊，\n‘咕咚’来了！”\n大象看见了，也跟着跑起来。\n野牛拦住他，问：“‘咕咚’在哪里，\n你看见了？”大象说：“没看见，\n大伙都说‘咕咚’来了。”\n野牛又问大伙，大伙也都说没看见。\n最后问兔子，兔子说：“是我听见的，\n‘咕咚’就在那边的湖里。”\n兔子领着大家来到湖边。正好\n又有一个木瓜从高高的树上\n掉进湖里，咕咚！\n大伙你看看我，我看看你，都笑了。');
INSERT INTO "articles" VALUES(51,'grade-1-vol-2','课文21 小壁虎借尾巴','小壁虎在墙角捉蚊子，\n一条蛇咬住了他的尾巴。\n小壁虎一挣，挣断尾巴逃走了。\n没有尾巴多难看哪！小壁虎想：\n向谁去借一条尾巴呢？\n小壁虎爬呀爬，爬到小河边。\n他看见小鱼摇着尾巴，在河里游来游去。\n小壁虎说：“小鱼姐姐，\n您把尾巴借给我行吗？”\n小鱼说：“不行啊，我要用尾巴拨水呢。”\n小壁虎爬呀爬，爬到大树上。\n他看见老牛甩着尾巴，在树下吃草。\n小壁虎说：“牛伯伯，\n您把尾巴借给我行吗？”\n老牛说：“不行啊，我要用尾巴赶蝇子呢。”\n小壁虎爬呀爬，爬到房檐下。\n他看见燕子摆着尾巴，在空中飞来飞去。\n小壁虎说：“燕子阿姨，\n您把尾巴借给我行吗？”\n燕子说：“不行啊，我要用尾巴掌握方向呢。”\n小壁虎借不到尾巴，心里很难过。\n他爬呀爬，爬回家里找妈妈。\n小壁虎把借尾巴的事告诉了妈妈。\n妈妈笑着说：“傻孩子，\n你转过身子看看。”\n小壁虎转身一看，高兴得叫了起来：\n“我长出一条新尾巴啦！”');
INSERT INTO "articles" VALUES(52,'grade-2-vol-1','课文1 小蝌蚪找妈妈','池塘里有一群小蝌蚪，大大的脑袋，\n黑灰色的身子，甩着长长的尾巴，\n快活地游来游去。小蝌蚪游哇游，\n过了几天，长出了两条后腿。\n他们看见鲤鱼妈妈在教小鲤鱼捕食，\n就迎上去，问：“鲤鱼阿姨，\n我们的妈妈在哪里？”鲤鱼妈妈说：\n“你们的妈妈四条腿，宽嘴巴。\n你们到那边去找吧！”小蝌蚪游哇游，\n过了几天，长出了两条前腿。\n他们看见一只乌龟摆动着四条腿\n在水里游，连忙追上去，叫着：\n“妈妈，妈妈！”乌龟笑着说：\n“我不是你们的妈妈。你们的妈妈头顶\n上有两只大眼睛，披着绿衣裳。\n你们到那边去找吧！”小蝌蚪游哇游，\n过了几天，尾巴变短了。他们游到\n荷花旁边，看见荷叶上蹲着一只大青蛙，\n披着碧绿的衣裳，露着雪白的肚皮，\n鼓着一对大眼睛。小蝌蚪游过去，\n叫着：“妈妈，妈妈！”青蛙妈妈\n低头一看，笑着说：“好孩子，\n你们已经长成青蛙了，快跳上来吧！”\n他们后腿一蹬，向前一跳，\n蹦到了荷叶上。不知什么时候，\n小青蛙的尾巴已经不见了。\n他们跟着妈妈，天天去捉害虫。');
INSERT INTO "articles" VALUES(53,'grade-2-vol-1','课文2 我是什么','我会变。太阳一晒，我就变成汽。\n升到天空，我又变成无数极小极小的点儿，\n连成一片，在空中飘浮。\n有时候我穿着白衣服，有时候我穿着黑衣服，\n早晨和傍晚我又把红袍披在身上。\n人们叫我“云”。我在空中越升越高，\n体温越来越低，变成了无数小水滴。\n小水滴聚在一起落下来，人们叫我“雨”。\n有时候我变成小硬球打下来，\n人们就叫我“冰雹”。到了冬天，\n我变成小花朵飘下来，人们又叫我“雪”。\n平常我在池子里睡觉，在小溪里散步，\n在江河里奔跑，在海洋里跳舞，\n唱歌，开大会。有时候我很温和，\n有时候我却很暴躁。我做过许多好事，\n灌溉田地，发动机器，帮助人们工作。\n我也做过许多坏事，淹没庄稼，\n冲毁房屋，给人们带来灾害。\n人们想出种种办法管住我，\n让我光做好事，不做坏事。\n小朋友，你们猜猜，我是什么？');
INSERT INTO "articles" VALUES(54,'grade-2-vol-1','课文3 植物妈妈有办法','孩子如果已经长大，就得告别妈妈，\n四海为家。牛马有脚，鸟有翅膀，\n植物旅行又用什么办法？\n蒲公英妈妈准备了降落伞，\n把它送给自己的娃娃。\n只要有风轻轻吹过，\n孩子们就乘着风纷纷出发。\n苍耳妈妈有个好办法，\n她给孩子穿上带刺的铠甲。\n只要挂住动物的皮毛，\n孩子们就能去田野、山洼。\n豌豆妈妈更有办法，\n她让豆荚晒在太阳底下。\n啪的一声，豆荚炸开，\n孩子们就蹦着跳着离开妈妈。\n植物妈妈的办法很多很多，\n不信你就仔细观察。\n那里有许许多多的知识，\n粗心的小朋友却得不到它。');
INSERT INTO "articles" VALUES(55,'grade-2-vol-1','识字1 场景歌','一只海鸥，一条帆船。一艘军舰，\n一处港湾。一方鱼塘，一块稻田。\n一行垂柳，一座花园。一道小溪，\n一座石桥。一丛翠竹，一群飞鸟。\n一面队旗，一把铜号。一队“红领巾”，\n一片欢笑。');
INSERT INTO "articles" VALUES(56,'grade-2-vol-1','识字2 树之歌','杨树高，榕树壮，梧桐树叶像手掌。\n枫树秋天叶儿红，松柏四季披绿装。\n木棉喜暖在南方，桦树耐寒守北疆。\n银杏水杉活化石，金桂开花满院香。');
INSERT INTO "articles" VALUES(57,'grade-2-vol-1','识字3 拍手歌','你拍一，我拍一，动物世界很新奇。\n你拍二，我拍二，孔雀锦鸡是伙伴。\n你拍三，我拍三，雄鹰飞翔云彩间。\n你拍四，我拍四，天空雁群会写字。\n你拍五，我拍五，丛林深处有猛虎。\n你拍六，我拍六，黄鹂百灵唱不休。\n你拍七，我拍七，竹林熊猫在嬉戏。\n你拍八，我拍八，大小动物都有家。\n你拍九，我拍九，人和动物是朋友。\n你拍十，我拍十，保护动物是大事。');
INSERT INTO "articles" VALUES(58,'grade-2-vol-1','识字4 田家四季歌','春季里，春风吹，花开草长蝴蝶飞。\n麦苗儿多嫩，桑叶儿正肥。\n夏季里，农事忙，采桑养蚕又插秧。\n早起勤耕作，归来戴月光。\n秋季里，稻上场，谷像黄金粒粒香。\n身体虽辛苦，心里喜洋洋。\n冬季里，雪初晴，新制棉衣暖又轻。\n一年农事了，大家笑盈盈。');
INSERT INTO "articles" VALUES(59,'grade-2-vol-1','课文4 曹冲称象','古时候有个叫曹操的人。别人送他\n一头大象，他很高兴，带着儿子曹冲\n和官员们一同去看。大象又高又大，\n身子像一堵墙，腿像四根柱子。\n官员们一边看一边议论：“这么大的象，\n到底有多重呢？”曹操问：“谁有办法\n把这头大象称一称？”有的说：“得造\n一杆大秤，砍一棵大树做秤杆。”\n有的说：“有了大秤也不行啊，\n谁有那么大的力气提得起这杆大秤呢？”\n曹操听了直摇头。曹冲才七岁，\n他站出来，说：“我有个办法。\n把大象赶到一艘大船上，看船身\n下沉多少，就沿着水面，在船舷上\n画一条线。再把大象赶上岸，往船上\n装石头，装到船下沉到画线的地方为止。\n然后称一称船上的石头。石头有多重，\n大象就有多重。”曹操微笑着点了点头。\n他叫人照曹冲说的办法去做，果然\n称出了大象的重量。');
INSERT INTO "articles" VALUES(60,'grade-2-vol-1','课文5 玲玲的画','玲玲得意地端详着自己画的《我家的一角》。\n这幅画明天就要参加评奖了。\n“玲玲，时间不早了，快去睡吧！”\n爸爸又在催她了。“好的，\n我把画笔收拾一下就去睡。”\n就在这时候，水彩笔啪的一声掉到了纸上，\n把画弄脏了。玲玲伤心地哭了起来。\n“怎么了，玲玲？”爸爸放下报纸问。\n“我的画弄脏了，另画一张也来不及了。”\n爸爸拿起画，仔细地看了看，说：\n“别哭，孩子。在这儿画点儿什么，\n不是很好吗？”玲玲想了想，拿起笔，\n在弄脏的地方画了一只小花狗。\n小花狗眯着眼睛，懒洋洋地趴在楼梯上，\n整张画看上去更好了。玲玲满意地笑了。\n爸爸看了，高兴地说：“看到了吧，孩子。\n好多事情并不像我们想象的那么糟。\n只要肯动脑筋，坏事有时也能变成好事。”');
INSERT INTO "articles" VALUES(61,'grade-2-vol-1','课文6 一封信','爸爸出国了，要过半年才能回来。\n今天，露西想给爸爸写一封信。\n妈妈还在厂里，露西早早回到家。\n她打开空调，又洗了一些土豆，\n削好后放在锅里。她朝窗外望了一眼。\n好了，她想，现在可以开始写信了。\n她拿出一沓纸，一支圆珠笔。\n“亲爱的爸爸，”露西写道，\n“你不在，我们很不开心。以前每天早上\n你一边刮胡子，一边逗我玩。还有，\n家里的台灯坏了，我们修不好。\n从早到晚，家里总是很冷清。”\n这时，妈妈回来了。她拍拍露西的肩膀，\n问：“是在给爸爸写信吗？”\n“是的。可是我写得不好。”\n露西说着，把纸揉成一团。\n“那我们一起重新写吧！”\n说着，妈妈在她身旁坐下来。\n露西边说边写：“亲爱的爸爸……”\n“我们过得挺好。”妈妈接着露西的话说。\n露西写完这一句，想到了小狗希比希，\n写道：“太阳闪闪发光。阳光下，\n我们的希比希又蹦又跳。”妈妈说：\n“请爸爸告诉我们，螺丝刀放在哪儿了。”\n露西笑了，她记下妈妈的话，接着写道：\n“这样，我们就自己修台灯了。”\n“还有，下个星期天我们去看电影。”\n妈妈说。“啊，太好啦！”露西叫了起来。\n“爸爸，我们天天想你。”露西在信的结尾，\n画了一大束鲜花。');
INSERT INTO "articles" VALUES(62,'grade-2-vol-1','课文7 妈妈睡了','妈妈睡了。妈妈哄我午睡的时候，\n自己先睡着了，睡得好熟，好香。\n睡梦中的妈妈真美丽。明亮的眼睛闭上了，\n紧紧地闭着；弯弯的眉毛，也在睡觉，\n睡在妈妈红润的脸上。睡梦中的妈妈好温柔。\n妈妈微微地笑着。是的，她在微微地笑着，\n嘴巴、眼角都笑弯了，好像在睡梦中，\n妈妈又想好了一个故事，等会儿讲给我听……\n睡梦中的妈妈好累。妈妈的呼吸那么沉。\n她乌黑的头发粘在微微渗出汗珠的额头上。\n窗外，小鸟在唱着歌，风儿在树叶间散步，\n发出沙沙的响声，可是妈妈全听不到。\n她干了好多活儿，累了，乏了，\n她真该好好睡一觉。');
INSERT INTO "articles" VALUES(63,'grade-2-vol-1','课文8 古诗二首','白日依山尽，黄河入海流。\n欲穷千里目，更上一层楼。\n日照香炉生紫烟，遥看瀑布挂前川。\n飞流直下三千尺，疑是银河落九天。');
INSERT INTO "articles" VALUES(64,'grade-2-vol-1','课文9 黄山奇石','中外闻名的黄山风景区，在我国\n安徽省南部。那里景色秀丽神奇，\n尤其是那些怪石，有趣极了。\n就说“仙桃石”吧，它好像从天上\n飞下来的一个大桃子，落在山顶的石盘上。\n在一座陡峭的山峰上，有一只“猴子”。\n它两只胳膊抱着腿，一动不动地\n蹲在山头，望着翻滚的云海。\n这就是有趣的“猴子观海”。\n“仙人指路”就更有趣了！远远望去，\n那巨石真像一位仙人站在高高的山峰上，\n伸着手臂指向前方。每当太阳升起，\n有座山峰上的几块巨石，就变成了\n一只金光闪闪的雄鸡。它伸着脖子，\n对着天都峰不住地啼叫。不用说，\n这就是著名的“金鸡叫天都”了。\n黄山的奇石还有很多，如“天狗望月”\n“狮子抢球”“仙女弹琴”。那些叫不出\n名字的奇形怪状的岩石，正等你\n去给它们起名字呢！');
INSERT INTO "articles" VALUES(65,'grade-2-vol-1','课文10 日月潭','日月潭是我国台湾省最大的一个湖。\n它在台湾省中部的山区。那里群山环绕，\n树木茂盛，周围有许多名胜古迹。\n日月潭很深，湖水碧绿。湖中央\n有个美丽的小岛，把湖水分成两半，\n北边像圆圆的太阳，叫日潭；\n南边像弯弯的月亮，叫月潭。\n清晨，湖面上飘着薄薄的雾。\n天边的晨星和山上的点点灯光，\n隐隐约约地倒映在湖水中。\n中午，太阳高照，整个日月潭的美景\n和周围的建筑，都清晰地展现\n在眼前。要是下起蒙蒙细雨，\n日月潭好像披上轻纱，周围的景物\n一片朦胧，就像童话中的仙境。\n日月潭风光秀丽，吸引了\n许许多多的中外游客。');
INSERT INTO "articles" VALUES(66,'grade-2-vol-1','课文11 葡萄沟','新疆吐鲁番有个地方叫葡萄沟，\n那里出产水果。五月有桑葚，\n六月有杏子、无花果，到了七月份，\n人们最喜爱的葡萄成熟了。\n葡萄种在山坡的梯田上。茂密的枝叶\n向四面展开，就像搭起了一个个\n绿色的凉棚。葡萄一大串一大串地\n挂在绿叶底下，有红的、白的、紫的、\n淡绿的，五光十色，美丽极了。\n要是这时候你到葡萄沟去，热情好客的\n维吾尔族老乡，准会摘下最甜的葡萄，\n让你吃个够。收下来的葡萄有的\n运到城市去，有的运到晾房里\n制成葡萄干。晾房修在山坡上，\n四壁留着许多小孔，里面钉着许多\n木架子。成串的葡萄挂在架子上，\n利用流动的热空气，让水分蒸发掉，\n就成了葡萄干。这里生产的葡萄干\n颜色鲜，味道甜，非常有名。\n葡萄沟真是个好地方。');
INSERT INTO "articles" VALUES(67,'grade-2-vol-1','课文12 坐井观天','青蛙坐在井里。小鸟飞来，\n落在井沿上。青蛙问小鸟：\n“你从哪儿来呀？”小鸟回答说：\n“我从天上来，飞了一百多里，\n口渴了，下来找点儿水喝。”\n青蛙说：“朋友，别说大话了！\n天不过井口那么大，还用飞那么远吗？”\n小鸟说：“你弄错了。天无边无际，\n大得很哪！”青蛙笑了，说：\n“朋友，我天天坐在井里，\n一抬头就能看见天。我不会弄错的。”\n小鸟也笑了，说：“朋友，你是弄错了。\n不信，你跳出井来看一看吧。”');
INSERT INTO "articles" VALUES(68,'grade-2-vol-1','课文13 寒号鸟','山脚下有一堵石崖，崖上有一道缝，\n寒号鸟就把这道缝当作自己的窝。\n石崖前面有一条河，河边有一棵大杨树，\n杨树上住着喜鹊。寒号鸟和喜鹊\n面对面住着，成了邻居。几阵秋风，\n树叶落尽，冬天快要到了。\n有一天，天气晴朗。喜鹊一早飞出去，\n东寻西找，衔回来一些枯草，\n就忙着做窝，准备过冬。寒号鸟\n却只知道出去玩，累了就回来睡觉。\n喜鹊说：“寒号鸟，别睡了。\n天气暖和，赶快做窝。”\n寒号鸟不听劝告，躺在崖缝里\n对喜鹊说：“傻喜鹊，不要吵。\n太阳高照，正好睡觉。”冬天说到就到，\n寒风呼呼地刮着。喜鹊住在温暖的窝里。\n寒号鸟在崖缝里冻得直打哆嗦，\n不停地叫着：“哆啰啰，哆啰啰，\n寒风冻死我，明天就做窝。”\n第二天清早，风停了，太阳暖暖的，\n好像又是春天了。喜鹊来到崖缝前\n劝寒号鸟：“趁天晴，快做窝。\n现在懒惰，将来难过。”寒号鸟\n还是不听劝告，伸伸懒腰，答道：\n“傻喜鹊，别啰嗦。天气暖和，\n得过且过。”寒冬腊月，大雪纷飞。\n北风像狮子一样狂吼，崖缝里冷得\n像冰窖。寒号鸟重复着哀号：\n“哆啰啰，哆啰啰，寒风冻死我，\n明天就做窝。”天亮了，太阳出来了，\n喜鹊在枝头呼唤寒号鸟。可是，\n寒号鸟已经在夜里冻死了。');
INSERT INTO "articles" VALUES(69,'grade-2-vol-1','课文14 我要的是葫芦','从前，有个人种了一棵葫芦。\n细长的葫芦藤上长满了绿叶，\n开出了几朵雪白的小花。花谢以后，\n藤上挂了几个小葫芦。多么可爱的小葫芦啊！\n那个人每天都要去看几次。\n有一天，他看见叶子上爬着一些蚜虫，\n心里想，有几个虫子怕什么！\n他盯着小葫芦自言自语地说：\n“我的小葫芦，快长啊，快长啊！\n长得赛过大南瓜才好呢！”\n一个邻居看见了，对他说：\n“你别光盯着葫芦了，叶子上生了蚜虫，\n快治一治吧！”那个人感到很奇怪，\n说：“什么？叶子上的虫还用治？\n我要的是葫芦。”没过几天，叶子上的\n蚜虫更多了。小葫芦慢慢地变黄了，\n一个一个都落了。');
INSERT INTO "articles" VALUES(70,'grade-2-vol-1','课文15 大禹治水','很久很久以前，洪水经常泛滥。\n大水淹没了田地，冲毁了房屋，\n毒蛇猛兽到处伤害百姓和牲畜，\n人们的生活痛苦极了。\n洪水给百姓带来了无数的灾难，\n必须治好它。当时，一个名叫鲧的人\n领着大家治水。他只知道筑坝挡水，\n九年过去了，洪水仍然没有消退。\n他的儿子禹继续治水。禹离开了家乡，\n一去就是十三年。这十三年里，\n他到处奔走，曾经多次路过自己家门口。\n可是他认为治水要紧，一次也没有\n走进家门看一看。禹吸取了鲧治水\n失败的教训，采用疏导的办法治水。\n他和大家一起，疏通了很多河道，\n让洪水通过河道，最后流到大海里去。\n洪水终于退了，毒蛇猛兽被驱赶走了，\n人们把家搬了回来。大家在被水淹过\n的土地上耕种，农业生产渐渐恢复了，\n百姓安居乐业，重新过上了幸福的生活。');
INSERT INTO "articles" VALUES(71,'grade-2-vol-1','课文16 朱德的扁担','1928年，朱德同志带领队伍到井冈山，\n跟毛泽东同志带领的队伍会师了。\n红军在山上，山下不远处就是敌人。\n红军要巩固井冈山根据地，粉碎敌人\n的围攻，需要储备足够的粮食。\n井冈山上生产的粮食不多，常常要\n抽出一些人到山下宁冈的茅坪去挑粮。\n从井冈山到茅坪，来回有五六十里，\n山高路陡，非常难走。可是每次挑粮，\n大家都争着去。朱德同志也跟战士们\n一块儿去挑粮。他穿着草鞋，\n戴着斗笠，挑起粮食，跟大家一块儿爬山。\n白天挑粮爬山，晚上还常常整夜整夜地\n研究怎样跟敌人打仗。大家看了心疼，\n就把他那根扁担藏了起来。不料，\n朱德同志又找来一根扁担，写上\n“朱德的扁担”五个字。大家见了，\n越发敬爱朱德同志，不好意思\n再藏他的扁担了。');
INSERT INTO "articles" VALUES(72,'grade-2-vol-1','课文17 难忘的泼水节','火红火红的凤凰花开了，\n傣族人民一年一度的泼水节又到了。\n1961年的泼水节，傣族人民特别高兴，\n因为敬爱的周恩来总理和他们一起过泼水节。\n那天早晨，人们敲起象脚鼓，\n从四面八方赶来了。为了欢迎周总理，\n人们在地上撒满了凤凰花的花瓣，\n好像铺上了鲜红的地毯。一条条龙船\n驶过江面，一串串花炮升上天空。\n人们欢呼着：“周总理来了！”\n周总理身穿对襟白褂、咖啡色长裤，\n头上包着一条水红色头巾，\n笑容满面地来到人群中。他接过一只\n象脚鼓，敲着欢乐的鼓点，\n踩着凤凰花铺成的“地毯”，\n同傣族人民一起跳舞。\n开始泼水了。周总理一手端着\n盛满清水的银碗，一手拿着柏树枝蘸了水，\n向人们泼洒，为人们祝福。\n傣族人民一边欢呼，一边向周总理泼水，\n祝福他健康长寿。清清的水，泼啊，洒啊！\n周总理和傣族人民笑啊，跳啊，\n是那么开心！多么幸福啊，\n1961年的泼水节！多么令人难忘啊，\n1961年的泼水节！');
INSERT INTO "articles" VALUES(73,'grade-2-vol-1','课文18 古诗二首','危楼高百尺，手可摘星辰。\n不敢高声语，恐惊天上人。\n敕勒川，阴山下，天似穹庐，笼盖四野。\n天苍苍，野茫茫，风吹草低见牛羊。');
INSERT INTO "articles" VALUES(74,'grade-2-vol-1','课文19 雾在哪里','从前有一片雾，他是个淘气的孩子。\n有一天，雾飞到海上。“我要把大海\n藏起来。”于是，他把大海藏了起来。\n无论是海水、船只，还是蓝色的远方，\n都看不见了。“现在我要把天空\n连同太阳一起藏起来。”于是，\n他把天空连同太阳一起藏了起来。\n霎时，四周变暗了，无论是天空，\n还是天空中的太阳，都看不见了。\n雾来到岸边。“现在我要把海岸藏起来。”\n雾把海岸藏了起来，同时\n也把城市藏了起来。房屋、街道、\n树木、桥梁，甚至行人和小黑猫，\n雾把一切都藏了起来，什么都看不见了。\n他躲到城市的上空，说道：“现在，\n我该把谁藏起来呢？”看来，再也\n没有什么可藏的了。“我要把自己藏起来。”\n不久，大海连同船只，天空连同太阳，\n海岸连同城市，街道连同房屋和桥梁，\n都露出来了。路上走着行人。\n小黑猫也出现了，它摇着黑尾巴，\n悠闲地散步。雾呢？消失了，\n不知到哪里去了。');
INSERT INTO "articles" VALUES(75,'grade-2-vol-1','课文20 雪孩子','雪，下个不停，一连下了好几天。\n这天早上，天晴了，兔妈妈要出门去。\n小白兔嚷起来：“妈妈，妈妈，我也要去！”\n兔妈妈说：“好孩子，妈妈有事，\n你不能跟着去。”兔妈妈在门外的空地上\n给小白兔堆了个雪孩子。小白兔\n有了小伙伴，就不跟妈妈去了。\n小白兔跳舞给雪孩子看，唱歌给雪孩子听。\n他玩累了，就回家去睡午觉。\n“屋子里真冷，赶快往火堆里添把柴吧！”\n小白兔添了柴，把火烧得旺旺的，\n屋子里渐渐暖和了。他躺在床上，\n闭上眼睛，一会儿就睡着了。\n火越烧越旺。哎呀，火把旁边的柴堆\n烧着了！小白兔睡得正香，\n他一点儿也不知道。“不好了！\n小白兔家着火了！”雪孩子看见\n从小白兔家的窗户里冒出黑烟，\n蹿出火星。他一边喊，一边向小白兔家\n奔去。“小白兔，小白兔！你在哪里？”\n雪孩子冲进屋里，冒着呛人的烟、\n烫人的火，找哇找哇，终于找到了\n小白兔。他连忙把小白兔抱起来，\n跑到屋外。小白兔得救了，\n雪孩子却浑身水淋淋的。\n这时候，树林里的小猴子、小山羊\n都赶来救火了。不一会儿，\n大家就把火扑灭了。兔妈妈回来了，\n激动地说：“谢谢大家来救火，\n救了小白兔，谢谢大家！”“咦，\n是谁救了小白兔？”小动物们说，\n“真得谢谢他呢！”这时，救小白兔\n的雪孩子不见了。他已经化成水了。\n不，雪孩子还在呢！瞧，太阳晒着晒着，\n他变成了很轻很轻的水汽。飞呀，飞呀，\n飞上天空，变成了一朵白云，\n一朵美丽的白云。');
INSERT INTO "articles" VALUES(76,'grade-2-vol-1','课文21 狐假虎威','在茂密的森林里，有一只老虎正在\n寻找食物。一只狐狸从老虎身边窜过。\n老虎扑过去，把狐狸逮住了。\n狐狸眼珠子骨碌碌一转，扯着嗓子\n问老虎：“你敢吃我？”\n“为什么不敢？”老虎一愣。\n“老天爷派我来做你们百兽的首领，\n你吃了我，就是违抗了老天爷的命令。\n我看你有多大的胆子！”\n老虎被蒙住了，松开了爪子。\n狐狸摇了摇尾巴，说：“我带你到\n百兽面前走一趟，让你看看我的威风。”\n老虎跟着狐狸朝森林深处走去。\n狐狸神气活现，摇头摆尾；\n老虎半信半疑，东张西望。\n森林里的野猪啦，小鹿啦，兔子啦，\n看见狐狸大摇大摆地走过来，\n跟往常很不一样，都很纳闷。\n再往狐狸身后一看，呀，一只大老虎！\n大大小小的野兽吓得撒腿就跑。\n老虎信以为真。其实他受骗了。\n原来，狐狸是借着老虎的威风\n把百兽吓跑的。');
INSERT INTO "articles" VALUES(77,'grade-2-vol-1','课文22 狐狸分奶酪','熊哥哥和熊弟弟在路上捡到了一块奶酪，\n高兴极了。可是，他们不知道怎么分，\n于是争吵起来。这时，有只狐狸跑了过来。\n“小家伙们，你们吵什么呀？”\n狐狸问道。“我们有块奶酪，\n不知道该怎么分。”熊弟弟对狐狸说。\n“这事好办，我来帮你们分吧！”\n狐狸笑了笑，把奶酪拿过来掰成了两半。\n“你分得不匀，那半块大一点儿。”\n两只小熊嚷着。“那好办。”\n狐狸说着，在大的这半块上咬了一口。\n“可是现在没咬过的这半块又大了。”\n两只小熊又嚷了起来。“那好办。”\n狐狸说着，又在大的这半块上咬了一口。\n狐狸就这样不停地咬着两半块奶酪。\n咬着咬着，奶酪全被他吃光了，\n一点儿也没剩下。“你可真会分！”\n两只小熊生气了，“整块奶酪都被你吃光了！”\n“可是，小熊，我分得可公平啦！”\n狐狸笑着说，“你们谁也没多吃一口，\n谁也没少吃一口。”');
INSERT INTO "articles" VALUES(78,'grade-2-vol-1','课文23 纸船和风筝','松鼠和小熊住在一座山上。\n松鼠住在山顶，小熊住在山脚。\n山上的小溪往下流，\n正好从小熊的家门口流过。\n松鼠折了一只纸船，放在小溪里。\n纸船漂哇漂，漂到了小熊家门口。\n小熊拿起纸船一看，乐坏了。\n纸船里放着一个小松果，松果上\n挂着一张纸条，上面写着：“祝你快乐！”\n小熊也想折一只纸船送给松鼠，\n可是纸船不能漂到山上去。\n怎么办呢？他想了想，就扎了一只风筝。\n风筝乘着风，飘哇飘，飘到了松鼠家门口。\n松鼠一把抓住风筝的线一看，也乐坏了。\n风筝上挂着一个草莓，风筝的翅膀上\n写着：“祝你幸福！”纸船和风筝\n让他们俩成了好朋友。可是有一天，\n他们俩为了一点儿小事吵了一架。\n山顶上再也看不到飘荡的风筝，\n小溪里再也看不到漂流的纸船了。\n小熊很难过。他还是每天扎一只风筝，\n但是不好意思把风筝放起来，\n就把风筝挂在高高的树枝上。\n松鼠也很难过。他还是每天折一只纸船，\n他也不好意思把纸船放进小溪，\n就把纸船放到屋顶上。过了几天，\n松鼠再也受不了啦。他在一只折好的\n纸船上写了一句话：“如果你愿意和好，\n就放一只风筝吧！”他把这只纸船\n放进了小溪。傍晚，松鼠看见\n一只美丽的风筝朝他飞来，高兴得哭了。\n他连忙爬上屋顶，取下纸船，\n把一只只纸船放到了小溪里。');
INSERT INTO "articles" VALUES(79,'grade-2-vol-1','课文24 风娃娃','风妈妈有个可爱的风娃娃。风娃娃长大了，\n他想像妈妈一样去帮助人。风妈妈说：\n“到田野里去吧，在那里，\n你可以帮人们做很多事情。”\n风娃娃来到田野，看见一架大风车\n正在慢慢转动，抽上来的水断断续续地流着。\n他深深地吸了一口气，鼓起腮使劲向风车吹去。\n风车一下子转得飞快！抽上来的水奔跑着，\n哗啦哗啦地向田里流去。秧苗喝足了水，\n笑着不住地点头。风娃娃高兴极了。\n风娃娃又来到河边，看见许多船工\n正拉着一艘大船。他们弯着腰，\n流着汗，“嗨哟，嗨哟”喊着号子，\n可是船却走得很慢很慢。他急忙跑过去，\n对着船帆用力吹了口气，船飞快地跑了起来。\n船工们笑了，一边收起纤绳，\n一边向风娃娃表示感谢。\n风娃娃想：帮助人们做好事，真容易，\n只要有力气就行。他这么想着，\n来到一个广场上。那里有几个孩子\n正在放风筝。风娃娃看见了，\n赶紧过去用力吹。风筝在空中摇摇摆摆，\n有的还翻起了跟头。不一会儿，\n风筝被吹得无影无踪，孩子们伤心极了。\n风娃娃却一点儿也不知道，\n他仍然东吹吹，西吹吹。就这样，\n风娃娃吹跑了人们晾晒的衣服，\n折断了路边新栽的小树……人们都生气了，\n纷纷责怪他。风娃娃不敢再去帮忙了，\n他委屈地在天上转着，想着：\n我帮人们做事情，为什么他们还责怪我呢？\n风娃娃回家去问妈妈。妈妈说：\n“孩子，做事情光有好的愿望还不行，\n还要看是不是真的对别人有用。”');
INSERT INTO "articles" VALUES(80,'grade-2-vol-2','课文1 古诗二首','草长莺飞二月天，拂堤杨柳醉春烟。\n儿童散学归来早，忙趁东风放纸鸢。\n碧玉妆成一树高，万条垂下绿丝绦。\n不知细叶谁裁出，二月春风似剪刀。');
INSERT INTO "articles" VALUES(81,'grade-2-vol-2','课文2 找春天','春天来了！春天来了！我们几个孩子，\n脱掉棉袄，冲出家门，奔向田野，去寻找春天。\n春天像个害羞的小姑娘，遮遮掩掩，躲躲藏藏。\n我们仔细地找哇，找哇。\n小草从地下探出头来，那是春天的眉毛吧？\n早开的野花一朵两朵，那是春天的眼睛吧？\n树木吐出点点嫩芽，那是春天的音符吧？\n解冻的小溪叮叮咚咚，那是春天的琴声吧？\n春天来了！我们看到了她，我们听到了她，\n我们闻到了她，我们触到了她。\n她在柳枝上荡秋千，在风筝尾巴上摇哇摇；\n她在喜鹊、杜鹃嘴里叫，在桃花、杏花枝头笑……');
INSERT INTO "articles" VALUES(82,'grade-2-vol-2','课文3 开满鲜花的小路','邮递员黄狗在门口喊：“鼹鼠先生，您的包裹单！”\n原来，长颈鹿大叔给鼹鼠先生寄来了一个包裹。\n鼹鼠先生赶紧骑着摩托车，到邮局去领包裹。\n他回家后打开包裹，看见一堆小颗粒，\n可认不出是什么东西。\n鼹鼠先生拿着包裹，来到松鼠太太家。\n他问松鼠太太：“长颈鹿大叔寄来一个包裹，\n您能帮我看看是什么东西吗？”\n松鼠太太拿过来一看，里面空空的，什么也没有。\n原来，包裹破了，里面的东西不见了。\n看来都漏在来时的路上啦！鼹鼠先生很懊丧。\n春天来了，鼹鼠先生要去松鼠太太家做客。\n啊，通往松鼠太太家的路，\n成了一条开满鲜花的小路。\n鼹鼠先生路过刺猬太太家，正巧，刺猬太太走出门。\n看到门前开着一大片绚丽多彩的鲜花，她惊奇地说：\n“这是谁在我家门前种的花？多美啊！”\n鼹鼠先生回答：“我不知道！”\n鼹鼠先生经过狐狸太太家，正巧，狐狸太太走出门。\n看到门前开着一大片五颜六色的鲜花，她奇怪地问：\n“这是谁在我家门前种的花？真美啊！”\n鼹鼠先生回答：“我不知道！”\n鼹鼠先生来到松鼠太太门前。松鼠太太走出门，\n看见门前的小路上花朵簇簇，\n小松鼠、小刺猬和小狐狸在那里快活地蹦啊跳啊。\n松鼠太太对鼹鼠先生说：“我知道了，\n去年长颈鹿大叔寄给你的是花籽。\n这是多么美好的礼物啊！”');
INSERT INTO "articles" VALUES(83,'grade-2-vol-2','课文4 邓小平爷爷植树','1987年4月5日，是个令人难忘的日子。\n这一天，碧空如洗，万里无云。\n在北京天坛公园植树的人群里，\n83岁高龄的邓小平爷爷格外引人注目。\n只见他手握铁锹，兴致勃勃地挖着树坑，\n额头已经满是汗珠，仍不肯休息。\n一个树坑挖好了。邓爷爷精心挑选了一棵\n茁壮的柏树苗，小心地移入树坑，又挥锹填了几锹土。\n他站到几步之外仔细看看，觉得不很直，\n连声说：“不行，不行！”\n他又走上前把树苗扶正。\n一棵绿油油的小柏树栽好了，\n就像战士一样笔直地站在那里。\n邓爷爷的脸上露出了满意的笑容。\n今天，邓小平爷爷亲手栽种的柏树已经长大了，\n成了天坛公园一处美丽的风景。');
INSERT INTO "articles" VALUES(84,'grade-2-vol-2','识字1 神州谣','我神州，称中华，山川美，可入画。\n黄河奔，长江涌，长城长，珠峰耸。\n台湾岛，隔海峡，与大陆，是一家。\n各民族，情谊浓，齐奋发，共繁荣。');
INSERT INTO "articles" VALUES(85,'grade-2-vol-2','识字2 传统节日','春节到，人欢笑，贴窗花，放鞭炮。\n元宵节，看花灯，大街小巷人如潮。\n清明节，雨纷纷，先人墓前去祭扫。\n过端午，赛龙舟，粽香艾香满堂飘。\n七月七，来乞巧，牛郎织女会鹊桥。\n过中秋，吃月饼，十五圆月当空照。\n重阳节，要敬老，踏秋赏菊去登高。\n转眼又是新春到，全家团圆真热闹。');
INSERT INTO "articles" VALUES(86,'grade-2-vol-2','识字3 “贝”的故事','一些生活在水里的动物，用贝壳保护自己的身体。\n甲骨文中的“贝”字，画的就是一种海贝的样子。\n古时候，人们觉得贝壳很漂亮，很珍贵，\n喜欢把它们当作饰品戴在身上。\n而且贝壳可以随身携带，不容易损坏，\n于是古人还把贝壳当作钱币。\n所以，用“贝”作偏旁的字大多与钱财有关，\n比如，“赚、赔、购、贫、货”。');
INSERT INTO "articles" VALUES(87,'grade-2-vol-2','识字4 中国美食','凉拌菠菜，香煎豆腐，红烧茄子。\n烤鸭，水煮鱼，葱爆羊肉，小鸡炖蘑菇。\n蒸饺，炸酱面，小米粥，蛋炒饭。');
INSERT INTO "articles" VALUES(88,'grade-2-vol-2','课文5 雷锋叔叔，你在哪里','沿着长长的小溪，寻找雷锋的足迹。\n雷锋叔叔，你在哪里，你在哪里？\n小溪说：昨天，他曾路过这里，\n抱着迷路的孩子，冒着蒙蒙的细雨。\n瞧，那泥泞路上的脚窝，就是他留下的足迹。\n顺着弯弯的小路，寻找雷锋的足迹。\n雷锋叔叔，你在哪里，你在哪里？\n小路说：昨天，他曾路过这里，\n背着年迈的大娘，踏着路上的荆棘。\n瞧，那花瓣上晶莹的露珠，就是他洒下的汗滴。\n乘着温暖的春风，我们四处寻觅。\n啊，终于找到了——\n哪里需要献出爱心，雷锋叔叔就出现在哪里。');
INSERT INTO "articles" VALUES(89,'grade-2-vol-2','课文6 千人糕','一天，爸爸对孩子说：“今天我们来吃千人糕吧。”\n“爸爸，什么是千人糕？”孩子好奇地问。\n“需要很多很多人才能做成的糕。”爸爸回答。\n孩子想：这糕要很多很多人才能做成，\n一定特别大，也许比桌子还大吧？\n爸爸端来一块糕，那糕看上去跟平时吃的糕没什么两样。\n难道它的味道很特别吗？孩子急忙尝了尝，\n笑了：“这就是平常吃过的米糕嘛！您给我买过。”\n爸爸说：“是的，就是平常吃的米糕。\n你知道这糕是怎么做成的吗？”\n孩子说：“是把大米磨成粉做的，还加了糖。”\n爸爸说：“是啊，大米是用农民种的稻子加工出来的。\n农民种稻子需要种子、农具、肥料、水……”\n爸爸接着说：“糖呢，是用甘蔗汁、甜菜汁熬出来的。\n甘蔗、甜菜也要有人种。熬糖的时候，\n要有工具，还得有火……就算米糕做好了，\n还得要人包装、送货、销售，\n这些又需要很多人的劳动。”\n爸爸拿起面前的糕，说：“你看，一块平平常常的糕，\n经过很多很多人的劳动，才能摆在我们面前。”\n孩子听了爸爸的话，仔细想了想，说：\n“爸爸，这糕的确应该叫‘千人糕’啊！”');
INSERT INTO "articles" VALUES(90,'grade-2-vol-2','课文7 一匹出色的马','一个春天的傍晚，妈妈牵着妹妹，\n爸爸牵着我，一起到郊外去散步。\n我们沿着一条小河走。河水碧绿碧绿的，\n微风吹过，泛起层层波纹。\n河岸上垂下来的柳叶，拂过妈妈和爸爸的头发，\n我和妹妹看着都笑了。\n路的一边是田野，葱葱绿绿的，\n非常可爱，像一片柔软的绿毯。\n春天的郊外，景色异常美丽。\n我们一边看，一边走，路已经走了不少，\n却还恋恋不舍，不想回去。\n当我们往回走的时候，妹妹求妈妈抱她：\n“我很累，走不动了，抱抱我。”\n妈妈摇摇头，回答说：“不行啊，我也很累，抱不动你了。”\n妹妹转过头求爸爸。爸爸不作声，他松开我的手，\n从路旁一株柳树下，拾起一根又长又细的枝条，\n把它递给了妹妹，说：“这是一匹出色的马，\n你走不动了，就骑着它回家吧。”\n妹妹高兴地跨上“马”，蹦蹦跳跳地奔向前去。\n等我们回到家时，她已经在门口迎接我们，\n笑着说：“我早回来啦！”');
INSERT INTO "articles" VALUES(91,'grade-2-vol-2','课文8 彩色的梦','我有一大把彩色的梦，有的长，有的圆，有的硬。\n他们躺在铅笔盒里聊天，一打开，就在白纸上跳蹦。\n脚尖滑过的地方，大块的草坪，绿了；\n大朵的野花，红了；大片的天空，蓝了，\n蓝——得——透——明！\n在葱郁的森林里，雪松们拉着手，请小鸟留下歌声。\n小屋的烟囱上，结一个苹果般的太阳，又大——又红！\n我的彩色铅笔，是大森林的精灵。\n我的彩色梦境，有水果香，有季节风，\n还有紫葡萄的叮咛，在溪水里流动……');
INSERT INTO "articles" VALUES(92,'grade-2-vol-2','课文9 枫树上的喜鹊','我们村的渡口旁有一棵枫树，我很喜欢它。\n它好像一把很大又很高的绿色太阳伞，一直打开着。\n它的绿荫遮蔽了村里的渡口。\n枫树上有一个喜鹊的窝，我喜欢极了。\n是的，我喜欢站在枫树下，抬头看喜鹊的窝。\n我常常觉得喜鹊会跟我说话，我像童话书里那样，\n在心中称呼她喜鹊阿姨。\n我真是喜欢极了。上个星期天早上，\n我正要撑着渡船到对岸的树林里去打柴，\n发现喜鹊阿姨的窝里有几只小喜鹊了。\n我真是像童话书里那样，在心中称呼他们喜鹊弟弟。\n从那天起，我一有空，便来到渡口边，\n站在枫树下看望我的喜鹊弟弟。\n喜鹊弟弟长得真快，好极了。\n我看见喜鹊阿姨站在窝边，一会儿教喜鹊弟弟唱歌，\n一会儿教他们做游戏，一会儿教他们学自己发明的拼音字母……\n“鹊！鹊！鹊！”喜鹊阿姨教道。\n我知道，这便是a、o、e。\n喜鹊弟弟也跟着学：“鹊，鹊，鹊……”\n今天早上，太阳从渡口对岸的山冈后面升上来了，\n我看见喜鹊阿姨站在窝边，指着上升的太阳，\n问喜鹊弟弟：“鹊！鹊鹊鹊？”\n我懂得，她问话的意思是：“看！那是什么？”\n喜鹊弟弟一齐快乐地回答：“鹊！鹊鹊！鹊鹊鹊！”\n我懂得，喜鹊弟弟很快给出了答案：\n“妈妈，那是太阳！太阳升上来了！”\n我真高兴啊！');
INSERT INTO "articles" VALUES(93,'grade-2-vol-2','课文10 沙滩上的童话','海边的沙滩是我们的快乐天地。\n在沙滩上，我们垒起城堡，城堡周围筑起围墙，\n围墙外再插上干树枝，那就是我们的树。\n不知道谁说了一句：“这城堡里住着一个凶狠的魔王。”\n有人接着补充：“他抢去了美丽的公主！”\n第三个小伙伴说：“你们快听，公主在城堡里哭呢！”\n就这样，我们编织着童话。\n转眼间，我们亲手建造的城堡成了一座魔窟，\n我们也成了攻打魔窟的勇士。\n我们一起商量怎样攻下那座城堡。\n一个小伙伴说：“我驾驶飞机去轰炸。”\n有人反驳：“那时候还没有飞机呢！”\n我说：“挖地道，从地下装上火药，把城堡炸平。”\n我的办法得到了大家的赞赏。于是我们趴在沙滩上，\n从四面八方挖着地道。\n挖呀，挖呀，我们终于挖到了城堡下面，\n然后合力用手往上一抬，就把城堡给轰塌了。\n我们欢呼着胜利，欢呼着炸死了魔王，欢呼着救出了公主。\n但公主在哪儿？\n忽然，我发现妈妈就站在我们身后，微笑着望着我们。\n我大声说：“公主被我们救出来了，救出来了！\n在这儿，在这儿！”我抱住了妈妈。\n大家跟着一起叫喊着，欢呼着。\n真的，那时候，连我也忘记了她是我的妈妈！');
INSERT INTO "articles" VALUES(94,'grade-2-vol-2','课文11 我是一只小虫子','当一只小虫子好不好？我的伙伴们都说：\n“当一只小虫子，一点儿都不好。”\n我们蹦蹦跳跳的时候，一定要看准地方，\n不然屁股会被苍耳刺痛的。\n一不留神，我们会蹦进很深很深的水里，\n被淹得昏头昏脑。其实，那深水只是小狗撒的一泡尿。\n孩子们都觉得毛茸茸的小鸟很可爱，\n但我们小虫子没有谁会喜欢小鸟。\n不过，我觉得当一只小虫子还真不错。\n早上醒来，我在摇摇晃晃的草叶上伸懒腰，\n用一颗露珠把脸洗干净，把细长的触须擦得亮亮的。\n如果能小心地跳到狗的身上，我们就可以到很远的地方去旅行。\n这可是免费的特快列车呀！\n我有很多小伙伴，每一个都特别有意思。\n走在外面一定要小心，别被屎壳郎撞伤，\n因为他们搬运食物的时候，从来不看路。\n螳螂很贪吃，总想把我吃掉，但真幸运，他没我跳得远。\n有些虫子脾气不太好，比如天牛，\n每次我说“天牛大婶，早上好”，她总是想顶我一下。\n我喜欢当一只小虫子。当我很快乐的时候，\n会使劲叫哇叫，所以，如果你在夜晚听见草地里的歌声\n—你就一定能找到我！');
INSERT INTO "articles" VALUES(95,'grade-2-vol-2','课文12 寓言二则','亡羊补牢：从前有个人，养了几只羊。\n一天早上，他去放羊，发现羊少了一只。\n原来羊圈破了个窟窿，夜里狼从窟窿钻进去，把羊叼走了。\n街坊劝他说：“赶紧把羊圈修一修，堵上那个窟窿吧！”\n他说：“羊已经丢了，还修羊圈干什么？”\n第二天早上，他去放羊，发现羊又少了一只。\n原来狼又从窟窿钻进去，把羊叼走了。\n他很后悔没有听街坊的劝告，心想，现在修还不晚。\n他赶紧堵上那个窟窿，把羊圈修得结结实实的。\n从此，他的羊再也没丢过。\n揠苗助长：古时候有个人，他巴望自己田里的禾苗长得快些，\n天天到田边去看。可是，一天，两天，三天，\n禾苗好像一点儿也没有长高。\n他在田边焦急地转来转去，自言自语地说：\n“我得想个办法帮它们长。”\n一天，他终于想出了办法，就急忙跑到田里，\n把禾苗一棵一棵往高里拔。从中午一直忙到太阳落山，\n弄得筋疲力尽。\n他回到家里，一边喘气一边说：“今天可把我累坏了！\n力气总算没白费，禾苗都长高了一大截。”\n他的儿子不明白是怎么回事，第二天跑到田里一看，\n禾苗都枯死了。');
INSERT INTO "articles" VALUES(96,'grade-2-vol-2','课文13 画杨桃','有一次上图画课，老师把两个杨桃摆在讲桌上，要同学们画。\n我的座位在教室前排靠边的地方，讲桌上那两个杨桃\n的一端正对着我。我看到的杨桃根本不像平时看到的那样，\n而像是五个角的什么东西。\n我认认真真地看，老老实实地画，自己觉得画得很准确。\n当我把这幅画交出去的时候，班里几个同学看见了，\n哈哈大笑起来。\n“杨桃是这个样子的吗？”\n“倒不如说是五角星吧！”\n老师看了看这幅画，到我的座位上坐下来，\n审视了一下讲桌上的杨桃，然后回到讲桌前，\n举起我的那页画纸，问大家：\n“这幅画画得像不像？”\n“不像！”\n“它像什么？”\n“像五角星！”\n老师的神情变得严肃了。半晌，他又问道：\n“画杨桃画成了五角星，好笑吗？”\n“好——笑！”有几个同学抢着答道，同时发出嘻嘻的笑声。\n于是，老师请这几个同学轮流坐到我的座位上。\n他对第一个坐下的同学说：“现在你看看那杨桃，\n像你平时看到的杨桃吗？”\n“不……像。”\n“那么，像什么呢？”\n“像……五……五角星。”\n“好，下一个。”\n老师让这几个同学回到自己的座位上，然后和颜悦色地说：\n“大家发现了吗？看的角度不同，杨桃的样子也就不一样。\n当我们看见别人把杨桃画成五角星的时候，不要忙着发笑，\n要看看人家是从什么角度看的。”\n老师的教诲让我终生难忘。');
INSERT INTO "articles" VALUES(97,'grade-2-vol-2','课文14 小马过河','马棚里住着一匹老马和一匹小马。\n有一天，老马对小马说：“你已经长大了，\n能帮妈妈做点儿事吗？”小马连蹦带跳地说：\n“怎么不能？我很愿意帮您做事。”\n老马高兴地说：“那好啊，你把这半口袋麦子驮到磨坊去吧。”\n小马驮起口袋，飞快地往磨坊跑去。跑着跑着，\n一条小河挡住了去路，河水哗哗地流着。\n小马为难了，心想：我能不能过去呢？\n如果妈妈在身边，问问她该怎么办，那多好啊！\n可是他离家已经很远了。\n小马向四周望望，看见一头老牛在河边吃草，\n小马嗒嗒嗒跑过去，问道：“牛伯伯，请您告诉我，\n这条河，我能蹚过去吗？”\n老牛说：“水很浅，刚没小腿，能蹚过去。”\n小马听了老牛的话，立刻跑到河边，准备蹚过去。\n突然，从树上跳下一只松鼠，拦住他大叫：\n“小马！别过河，别过河，你会淹死的！”\n小马吃惊地问：“水很深吗？”\n松鼠认真地说：“深得很哩！昨天，我的一个伙伴\n就是掉在这条河里淹死的！”\n小马连忙收住脚步，不知道怎么办才好。\n他叹了口气，说：“唉！还是回家问问妈妈吧！”\n小马甩甩尾巴，跑回家去。妈妈问他：\n“怎么回来啦？”小马难为情地说：\n“一条河挡住了去路，我……我过不去。”\n妈妈说：“那条河不是很浅吗？”\n小马说：“是啊！牛伯伯也这么说。\n可是松鼠说河水很深，还淹死过他的伙伴呢！”\n妈妈说：“那么河水到底是深还是浅呢？\n你仔细想过他们的话吗？”\n小马低下了头，说：“没……没想过。”\n妈妈亲切地对小马说：“孩子，光听别人说，\n自己不动脑筋，不去试试，是不行的。\n河水是深是浅，你去试一试就知道了。”\n小马跑到河边，刚刚抬起前蹄，松鼠又大叫起来：\n“怎么？你不要命啦！”小马说：“让我试试吧！”\n他下了河，小心地蹚到了对岸。\n原来河水既不像老牛说的那样浅，也不像松鼠说的那样深。');
INSERT INTO "articles" VALUES(98,'grade-2-vol-2','课文15 古诗二首','毕竟西湖六月中，风光不与四时同。\n接天莲叶无穷碧，映日荷花别样红。\n两个黄鹂鸣翠柳，一行白鹭上青天。\n窗含西岭千秋雪，门泊东吴万里船。');
INSERT INTO "articles" VALUES(99,'grade-2-vol-2','课文16 雷雨','满天的乌云，黑沉沉地压下来。\n树上的叶子一动不动，蝉一声也不出。\n忽然一阵大风，吹得树枝乱摆。\n一只蜘蛛从网上垂下来，逃走了。\n闪电越来越亮，雷声越来越响。\n哗，哗，哗，雨下起来了。\n雨越下越大。往窗外望去，树啊，房子啊，都看不清了。\n渐渐地，渐渐地，雷声小了，雨声也小了。\n天亮起来了。打开窗户，清新的空气迎面扑来。\n雨停了。太阳出来了。一条彩虹挂在天空。\n蝉叫了。蜘蛛又坐在网上。池塘里水满了，青蛙也叫起来了。');
INSERT INTO "articles" VALUES(100,'grade-2-vol-2','课文17 要是你在野外迷了路','要是你在野外迷了路，可千万别慌张。\n大自然有很多天然的指南针，会帮助你辨别方向。\n太阳是个忠实的向导，它在天空给你指点方向。\n中午的时候它在南边，地上的树影正指着北方。\n北极星是盏指路灯，它永远高挂在北方。\n要是你能认出它，就不会在黑夜里乱闯。\n要是碰上阴雨天，大树也会来帮忙。\n枝叶稠的一面是南方，枝叶稀的一面是北方。\n雪特别怕太阳，沟渠里的积雪会给你指点方向。\n看看哪边雪化得快，哪边化得慢，就可以分辨北方和南方。\n要是你在野外迷了路，可千万别慌张。\n大自然有很多天然的指南针，需要你细细观察，多多去想。');
INSERT INTO "articles" VALUES(101,'grade-2-vol-2','课文18 太空生活趣事多','你知道航天员在太空中怎样生活吗？说起来还挺有趣呢！\n在宇宙飞船里，站着睡觉和躺着睡觉一样舒服。\n不过，要想睡个安稳觉，航天员必须钻入固定在舱壁上的睡袋里。\n不然，一不小心就会飘到别处去。\n在宇宙飞船里活动也需要技巧。\n跟在地面上用腿脚行走不同，航天员在舱体里移动主要靠手臂。\n为了方便航天员在舱体中活动，舱壁上安装了很多特制的扶手。\n平时，航天员会依靠这些扶手或其他设施稳定自己的身体。\n在宇宙飞船里，是没有办法用普通的杯子喝水的。\n因为水处于失重状态，即使把杯子倒过来，水也不会往下流。\n航天员要想喝到水，得使用一种带吸管的饮水袋，\n直接把水挤到嘴里。\n航天员在太空中洗澡可不是一件容易的事。\n从喷头喷出的水总是飘浮在空中，为了解决这个问题，\n科研人员做了一个试验。他们设计了一个密封浴桶，\n在下边安装吸管，它可以把喷头喷出来的水朝一个方向吸。\n但洗完澡以后，航天员还要花很长时间清理身体上和浴桶里的水，\n实在太麻烦了。所以，现在航天员通常只用免洗湿巾擦拭身体，\n这就简单省事多了。\n你看，在太空中生活，是不是很有趣？');
INSERT INTO "articles" VALUES(102,'grade-2-vol-2','课文19 大象的耳朵','大象有一对大耳朵，像扇子似的，耷拉着。\n这一天，大象正在路上慢慢地散步，遇到了小兔子。\n小兔子说：“咦，大象啊，你的耳朵怎么耷拉下来了？”\n大象说：“我生来就是这样啊。”\n小兔子说：“你看，我的耳朵是竖着的，你的耳朵一定是出毛病了。”\n后来，大象又遇到了小羊。小羊也说：\n“大象啊，你的耳朵怎么是耷拉着的呢？”\n小鹿、小马，还有小老鼠，见到了大象，都要说他的耳朵。\n大象也不安起来，他自言自语地说：\n“他们都这么说，是不是我的耳朵真的有毛病啦？\n我得让我的耳朵竖起来。”\n怎么才能让耳朵竖起来呢？\n每天，大象站着睡觉的时候，就用两根竹竿把耳朵撑起来。\n可是，大象的耳朵眼儿里，经常有小虫子飞进去，\n还在里面跳舞，吵得他又头痛，又心烦。\n最后，大象还是把他的耳朵放了下来。\n这样，虫子飞不进去了。有虫子来的话，\n大象只要把他的大耳朵一扇，就能把他们赶跑。\n大象说：“我还是让耳朵耷拉着吧。人家是人家，我是我。”');
INSERT INTO "articles" VALUES(103,'grade-2-vol-2','课文20 蜘蛛开店','有一只蜘蛛，每天蹲在网上等着小飞虫落在上面，\n好寂寞，好无聊啊。\n蜘蛛决定开一家商店。卖什么呢？就卖口罩吧，\n因为口罩织起来很简单。\n于是，蜘蛛在一间小木屋外面挂了一个招牌，\n上面写着：“口罩编织店，每位顾客只需付一元钱。”\n顾客来了，是一只河马。河马嘴巴那么大，\n口罩好难织啊，蜘蛛用了一整天的工夫，终于织完了。\n晚上，蜘蛛想：还是卖围巾吧，因为围巾织起来很简单。\n第二天，蜘蛛的招牌换了，上面写着：\n“围巾编织店，每位顾客只需付一元钱。”\n顾客来了，只见身子不见头。蜘蛛向上一看，\n原来是一只长颈鹿，他的脖子和大树一样高，\n脑袋从树叶间露出来，正对着蜘蛛笑呢。\n蜘蛛织啊织，足足忙了一个星期，才织完那条长长的围巾。\n蜘蛛累得趴倒在地上，心里想：还是卖袜子吧，\n因为袜子织起来很简单。\n第二天，蜘蛛的招牌又换了，上面写着：\n“袜子编织店，每位顾客只需付一元钱。”\n可是，蜘蛛看到顾客后，却吓得匆忙跑回网上。\n原来那位顾客竟是一条四十二只脚的蜈蚣！');
INSERT INTO "articles" VALUES(104,'grade-2-vol-2','课文21 青蛙卖泥塘','青蛙住在烂泥塘里。他觉得这儿不怎么样，\n想把泥塘卖掉，换一些钱搬到城里住。\n于是青蛙在泥塘边竖起一块牌子，上面写着“卖泥塘”三个字。\n“卖泥塘喽，卖泥塘！”青蛙站在牌子边大声吆喝起来。\n一头老牛走过来，看了看泥塘，说：\n“这个水坑坑嘛，在里边打打滚倒挺舒服。\n不过，要是周围有些草就更好了。”\n老牛不想买泥塘，走了。\n青蛙想，要是在泥塘周围种些草，就能卖出去了。\n于是他就去采集草籽，播撒在泥塘周围的地上。\n到了春天，泥塘周围长出了绿茵茵的小草。\n青蛙又站在牌子旁边，大声吆喝起来：“卖泥塘喽，卖泥塘！”\n一只野鸭飞来了，看了看泥塘，说：\n“这地方好是好，就是塘里的水太少了。”\n野鸭没有买泥塘，飞走了。\n青蛙想，要是能往泥塘里引些水，就能卖出去了。\n于是他跑到周围的山里找到泉水，又砍了些竹子，\n把竹子破开，一根一根接起来，把水引到泥塘里来。\n等泥塘灌足了水以后，青蛙又站在牌子旁，\n大声吆喝起来：“卖泥塘喽，卖泥塘！”\n可是泥塘还是没有卖出去。\n小鸟飞来说，这里缺点儿树；蝴蝶飞来说，这里缺点儿花；\n小兔跑来说，这里还缺条路；小猴跑来说，这儿应该盖所房子；\n小狐狸说……每次听了小动物的话，青蛙都想：对！\n对！要是那样的话，泥塘准能卖出去。于是青蛙就照着他们的话去做，\n栽了树，种了花，修了路，还在泥塘旁边盖了房子……\n“卖泥塘喽，卖泥塘！”有一天，青蛙又站在牌子旁吆喝起来，\n“多好的地方！有树，有花，有草，有水塘。\n你可以看蝴蝶在花丛中飞舞，听小鸟在树上唱歌。\n你可以在水里尽情游泳，躺在草地上晒太阳。\n这儿还有道路通到城里……”青蛙说到这里，突然愣住了，\n他想：这么好的地方，自己住挺好的，为什么要卖掉呢？\n于是青蛙不再卖泥塘了。');
INSERT INTO "articles" VALUES(105,'grade-2-vol-2','课文22 小毛虫','一条小毛虫趴在一片叶子上，用新奇的目光打量着周围的一切：\n大大小小的昆虫又是唱，又是跳，跑的跑，飞的飞……\n到处生机勃勃。只有它，这个可怜的小毛虫，\n既不会唱，也不会跑，更不会飞。\n小毛虫费了九牛二虎之力，才挪动了一点点。\n当它笨拙地从一片叶子爬到另一片叶子上时，\n它觉得自己仿佛周游了整个世界。\n尽管如此，它并不悲观失望，也不羡慕任何人。\n它懂得：每个人都有自己该做的事情。\n它，一条小小的毛虫，眼前最要紧的是学会抽丝纺织，\n为自己编织一间牢固的茧屋。\n小毛虫一刻也没有迟疑，尽心竭力地工作着。\n它织啊，织啊，最后把自己从头到脚裹进了温暖的茧屋里。\n“以后会怎样呢？”它在与世隔绝的茧屋里问。\n“万事万物都有自己的规律！”小毛虫听到一个声音在回答，\n“你要耐心等待，以后会明白的。”\n时辰到了，它清醒了过来，再也不是以前那条笨手笨脚的小毛虫。\n它灵巧地从茧子里挣脱出来，惊奇地发现自己身上\n生出了一对轻盈的翅膀，上面布满色彩斑斓的花纹。\n它愉快地舞动了一下双翅，如绒毛一般，从叶子上飘然而起。\n它飞啊飞，渐渐地消失在蓝色的雾霭之中。');
INSERT INTO "articles" VALUES(106,'grade-2-vol-2','课文23 祖先的摇篮','爷爷说：那原始森林是我们祖先的摇篮。\n真有意思，这是多大的摇篮啊！\n那浓绿的树荫一望无边，遮住了蓝天。\n我想——我们的祖先，可曾在这些大树上\n摘野果，掏鹊蛋？可曾在那片草地上\n和野兔赛跑，看蘑菇打伞？\n那时候，孩子们也在这里\n逗小松鼠，采野蔷薇吗？\n也在这里捉红蜻蜓，逮绿蝈蝈吗？\n风儿吹动树叶“沙沙，沙沙！”\n那回忆多么美好，又那么遥远……\n啊！苍苍茫茫的原始森林，我们祖先的摇篮！');
INSERT INTO "articles" VALUES(107,'grade-2-vol-2','课文24 当世界年纪还小的时候','当世界年纪还小的时候，每样东西都必须学习怎么生活。\n太阳开始学发光，学着怎么上山下山。\n它也试过做别的事，但是都没有成功。\n譬如说唱歌，它粗糙的声音，把这个敏感的新世界吓坏了。\n月亮不知道自己该学些什么。学发光吗？\n白天它觉得这主意不好，晚上它又觉得这主意不错。\n它一直无法决定，只好反反复复，一下子变圆，一下子又变缺。\n于是它学会的是不断变化。\n水开始学习流动。它很快就学会了，\n因为只有一种方式，那就是：一直往低处流，往低处流，往低处流……\n那时候，生活就是这么简单。每样东西只要弄明白\n自己做什么最容易就行了。\n世界在慢慢变化，万物在自由生长。\n雨从云里落下，滴进泥土里；人睁开眼睛，\n就可以看到一切有多美好……\n只要万物都做它最容易做的事，这世界就很有秩序了。\n这世界还相当有秩序……\n哦！不要往下讲了，最好再从头开始。\n这个故事没有结局，却有很多开头，很多很多开头。\n很久很久以前，当世界年纪还小的时候……');
INSERT INTO "articles" VALUES(108,'grade-2-vol-2','课文25 羿射九日','很久很久以前，在世界最东边的海上，\n生长着一棵大树叫扶桑。扶桑的枝头站着一个太阳，\n底下还有九个太阳。每天天快亮时，\n扶桑枝头的太阳就坐上两轮车，开始从东往西穿过天空。\n十个太阳每天轮换，给大地万物带来光明和温暖。\n可是，有一天，这十个太阳觉得轮流值日太没意思啦，\n于是，他们一齐跑了出来，出现在天空中。\n十个太阳像十个大火球，炙烤着大地。\n禾苗被晒枯了，土地被烤焦了，\n江河里的水快要蒸干了，连地上的沙石好像都要熔化了。\n人类的日子非常艰难。\n神箭手羿决心帮助人们脱离苦海。\n他翻过九十九座高山，跨过九十九条大河，来到东海边。\n他登上了一座大山，搭上神箭，拉开神弓，\n对准天上的一个太阳，嗖地就是一箭。\n那个太阳一下子爆裂开，一团团火球到处乱窜，\n接着，噗噗地掉在地上。\n羿一口气射下了九个太阳，炎热渐渐退去。\n羿又伸手拔箭，准备射下最后一个太阳。\n这个太阳害怕极了，慌慌张张地躲进了大海里。\n天上没有了太阳，整个世界一片黑暗。\n羿想，没有了太阳，就没有了光明和温暖，\n庄稼不能生长，人类和动物也没法活下去。\n于是，羿留下了最后一个太阳。\n从此，太阳每天从东方升起，到西方落下。\n土地渐渐滋润起来，花草树木渐渐繁茂起来，\n江河奔腾欢唱，大地上重新现出了勃勃生机。');
INSERT INTO "articles" VALUES(109,'grade-3-vol-1','1 大青树下的小学','早晨，从山坡上，从坪坝里，\n从一条条开着绒球花和太阳花的小路上，\n走来了许多小学生，有汉族的，\n有傣族的，有景颇族的，\n还有阿昌族和德昂族的。\n大家穿戴不同，来到学校，\n都成了好朋友。那鲜艳的服装，\n把学校打扮得绚丽多彩。\n同学们向在校园里欢唱的小鸟打招呼，\n向敬爱的老师问好，\n向高高飘扬的国旗敬礼。\n“当，当当！当，当当！”\n大青树上的铜钟敲响了。\n上课了，不同民族的小学生，\n在同一间教室里学习。\n大家一起朗读课文，那声音真好听！\n这时候，窗外十分安静，树枝不摇了，\n鸟儿不叫了，蝴蝶停在花朵上，\n好像都在听同学们读课文。\n最有趣的是，跑来了两只猴子。\n这些山林里的朋友，是那样好奇地听着。\n下课了，大家在大青树下跳孔雀舞，\n摔跤，做游戏，招引来许多小鸟，\n连松鼠也赶来看热闹。\n这就是我们可爱的小学，\n一所边疆的小学。\n古老的铜钟，挂在大青树粗壮的枝干上。\n凤尾竹的影子，在洁白的粉墙上摇晃……');
INSERT INTO "articles" VALUES(110,'grade-3-vol-1','2 花的学校','当雷云在天上轰响，\n六月的阵雨落下的时候，\n湿润的东风走过荒野，\n在竹林中吹着口笛。\n于是，一群一群的花从无人知道的地方\n突然跑出来，在绿草上跳舞、狂欢。\n妈妈，我真的觉得那些花朵\n是在地下的学校里上学。\n他们关了门做功课。\n如果他们想在放学以前出来游戏，\n他们的老师是要罚他们站墙角的。\n雨一来，他们便放假了。\n树枝在林中互相碰触着，\n绿叶在狂风里簌簌地响，\n雷云拍着大手。\n这时，花孩子们便穿了紫的、\n黄的、白的衣裳，冲了出来。\n你可知道，妈妈，他们的家是在天上，\n在星星所住的地方。\n你没有看见他们怎样地急着要到那儿去吗？\n你不知道他们为什么那样急急忙忙吗？\n我自然能够猜得出他们是对谁扬起双臂来，\n他们也有他们的妈妈，\n就像我有我自己的妈妈一样。');
INSERT INTO "articles" VALUES(111,'grade-3-vol-1','3 不懂就要问','孙中山小时候在私塾读书。\n那时候上课，先生念，学生跟着念，\n咿咿呀呀，像唱歌一样。\n学生读熟了，先生就让他们一个一个地背诵。\n至于书里的意思，先生从来不讲。\n一天，孙中山来到学校，\n照例把书放到先生面前，\n流利地背出昨天所学的功课。\n先生听了，连连点头。\n接着，先生在孙中山的书上又圈了一段，\n他念一句，叫孙中山念一句。\n孙中山会读了，就回到座位上练习背诵。\n孙中山读了几遍，就背下来了。\n可是，书里说的是什么意思，\n他一点儿也不懂。孙中山想：\n这样糊里糊涂地背，有什么用呢？\n于是，他壮着胆子站起来，问：\n“先生，您刚才让我背的这段书\n是什么意思？请您给我讲讲吧！”\n这一问，把正在摇头晃脑高声念书的\n同学们吓呆了，课堂里霎时变得鸦雀无声。\n先生拿着戒尺，走到孙中山跟前，\n厉声问道：“你会背了吗？”\n“会背了。”孙中山说着，\n就把那段书一字不漏地背了出来。\n先生收起戒尺，摆摆手让孙中山坐下，\n说：“我原想，书中的道理，\n你们长大了自然会知道的。\n现在你们既然想听，我就讲讲吧！”\n先生讲得很详细，大家听得很认真。\n后来，有个同学问孙中山：\n“你向先生提出问题，不怕挨打吗？”\n孙中山笑了笑，说：“学问学问，\n不懂就要问。为了弄清道理，就是挨打也值得。”');
INSERT INTO "articles" VALUES(112,'grade-3-vol-1','4 古诗三首','山行 [唐]杜牧\n远上寒山石径斜，白云生处有人家。\n停车坐爱枫林晚，霜叶红于二月花。\n赠刘景文 [宋]苏轼\n荷尽已无擎雨盖，菊残犹有傲霜枝。\n一年好景君须记，最是橙黄橘绿时。\n夜书所见 [宋]叶绍翁\n萧萧梧叶送寒声，江上秋风动客情。\n知有儿童挑促织，夜深篱落一灯明。');
INSERT INTO "articles" VALUES(113,'grade-3-vol-1','5 铺满金色巴掌的水泥道','一夜秋风，一夜秋雨。\n我背着书包去上学时，天开始放晴了。\n啊！多么明朗的天空。\n可是，地面还是潮湿的，\n不时还能看见一个亮晶晶的水洼，\n映着一角小小的蓝天。\n道路两旁的法国梧桐树，\n掉下了一片片金黄金黄的叶子。\n这一片片闪着雨珠的叶子，一掉下来，\n便紧紧地粘在湿漉漉的水泥道上了。\n我走在院墙外的水泥道上。\n水泥道像铺上了一块彩色的地毯。\n这是一块印着落叶图案的、\n闪闪发光的地毯，从脚下一直铺到\n很远很远的地方，一直到路的尽头……\n每一片法国梧桐树的落叶，\n都像一个金色的小巴掌，\n熨帖地、平展地粘在水泥道上。\n它们排列得并不规则，甚至有些凌乱。\n然而，这更增添了水泥道的美。\n我一步一步小心地走着，\n一片一片仔细地数着。\n我穿着一双棕红色的小雨靴。\n你瞧，这多像两只棕红色的小鸟，\n在秋天金黄的叶丛间，\n愉快地蹦跳着、歌唱着……\n要不是怕上课迟到，\n我会走得很慢很慢的。\n一夜秋风，一夜秋雨。\n当我背着书包去上学时，\n第一回觉得，门前的水泥道真美啊！');
INSERT INTO "articles" VALUES(114,'grade-3-vol-1','6 秋天的雨','秋天的雨，是一把钥匙。\n它带着清凉和温柔，轻轻地，轻轻地，\n趁你没留意，把秋天的大门打开了。\n秋天的雨，有一盒五彩缤纷的颜料。\n你看，它把黄色给了银杏树，\n黄黄的叶子像一把把小扇子，\n扇哪扇哪，扇走了夏天的炎热。\n它把红色给了枫树，\n红红的枫叶像一枚枚邮票，\n飘哇飘哇，邮来了秋天的凉爽。\n金黄色是给田野的，看，田野像金色的海洋。\n橙红色是给果树的，橘子、柿子你挤我碰，\n争着要人们去摘呢！\n菊花仙子得到的颜色就更多了，\n紫红的、淡黄的、雪白的……\n美丽的菊花在秋雨里频频点头。\n秋天的雨，藏着非常好闻的气味。\n梨香香的，菠萝甜甜的，\n还有苹果、橘子，好多好多香甜的气味，\n都躲在小雨滴里呢！\n小朋友的脚，常被那香味勾住。\n秋天的雨，吹起了金色的小喇叭。\n它告诉大家，冬天快要来了。\n小喜鹊衔来树枝造房子，\n小松鼠找来松果当粮食，\n小青蛙在加紧挖洞，准备舒舒服服地睡大觉。\n松柏穿上厚厚的、油亮亮的衣裳，\n杨树、柳树的叶子飘到树妈妈的脚下。\n它们都在准备过冬了。\n秋天的雨，带给大地的是一曲丰收的歌，\n带给小朋友的是一首欢乐的歌。');
INSERT INTO "articles" VALUES(115,'grade-3-vol-1','8 卖火柴的小女孩','天冷极了，下着雪，又快黑了。\n这是一年的最后一天——大年夜。\n在这又冷又黑的晚上，\n一个乖巧的小女孩，赤着脚在街上走着。\n她从家里出来的时候还穿着一双拖鞋，\n但是有什么用呢？\n那是一双很大的拖鞋——\n那么大，一向是她妈妈穿的。\n她穿过马路的时候，两辆马车\n飞快地冲过来，吓得她把鞋都跑掉了。\n一只怎么也找不着，\n另一只叫一个男孩捡起来拿着跑了。\n他说，将来他有了孩子，\n可以拿它当摇篮。\n小女孩只好赤着脚走，\n一双小脚冻得红一块青一块的。\n她的旧围裙里兜着许多火柴，\n手里还拿着一把。这一整天，\n谁也没买过她一根火柴，\n谁也没给过她一个钱。\n可怜的小女孩！她又冷又饿，\n哆哆嗦嗦地向前走。\n雪花落在她金黄的长头发上，\n那头发打成卷儿披在肩上，看上去很美丽，\n不过她没注意这些。\n每个窗子里都透出灯光来，\n街上飘着一股烤鹅的香味，\n因为这是大年夜——她可忘不了这个。\n她在一座房子的墙角里坐下来，\n蜷着腿缩成一团。她觉得更冷了。\n她不敢回家，因为她没卖掉一根火柴，\n没挣到一个钱，爸爸一定会打她的。\n再说，家里跟街上一样冷。\n他们头上只有房顶，虽然最大的裂缝\n已经用草和破布堵住了，风还是可以灌进来。\n她的一双小手几乎冻僵了。\n啊，哪怕一根小小的火柴，\n对她也是有好处的！\n她敢从成把的火柴里抽出一根，\n在墙上擦燃了，来暖和暖和自己的小手吗？\n她终于抽出了一根。哧！火柴燃起来了，\n冒出火焰来了！她把小手拢在火焰上。\n多么温暖多么明亮的火焰啊，\n简直像一支小小的蜡烛。\n这是一道奇异的火光！\n小女孩觉得自己好像坐在\n一个大火炉前面，火炉装着闪亮的铜脚\n和铜把手，烧得旺旺的，暖烘烘的，\n多么舒服啊！哎，这是怎么回事呢？\n她刚把脚伸出去，想让脚也暖和一下，\n火柴灭了，火炉不见了。\n她坐在那儿，手里只有一根烧过了的火柴梗。\n她又擦了一根。火柴燃起来了，\n发出亮光来了。亮光落在墙上，\n那儿忽然变得像薄纱那么透明，\n她可以一直看到屋里。\n桌上铺着雪白的台布，\n摆着精致的盘子和碗，\n肚子里填满了苹果和梅子的烤鹅\n正冒着香气。更妙的是这只鹅\n从盘子里跳下来，背上插着刀和叉，\n摇摇摆摆地在地板上走着，\n一直向这个穷苦的小女孩走来。\n这时候，火柴灭了，她面前\n只有一堵又厚又冷的墙。\n她又擦着了一根火柴。\n这一回，她坐在美丽的圣诞树下。\n这棵树，比她去年圣诞节\n透过富商家的玻璃门看到的还要大，还要美。\n翠绿的树枝上点着几千支明晃晃的蜡烛，\n许多幅美丽的彩色画片，\n跟挂在商店橱窗里的一个样，在向她眨眼睛。\n小女孩向画片伸出手去。这时候，火柴灭了。\n只见圣诞树上的烛光越升越高，\n最后变成了在天空中闪烁的星星。\n有一颗星星落下来了，\n在天空中划出了一道细长的红光。\n“有一个什么人快要死了。”小女孩说。\n唯一疼她的奶奶活着的时候告诉过她：\n一颗星星落下来，就有一个灵魂要到上帝那儿去了。\n她在墙上又擦着了一根火柴。\n这一回，火柴把周围全照亮了。\n奶奶出现在亮光里，是那么温和，\n那么慈爱。“奶奶！”小女孩叫起来，\n“啊！请把我带走吧！我知道，\n火柴一灭，您就会不见的，\n像那暖和的火炉，喷香的烤鹅，\n美丽的圣诞树一个样，就会不见的！”\n她赶紧擦着了一大把火柴，\n要把奶奶留住。一大把火柴发出强烈的光，\n照得跟白天一样明亮。\n奶奶从来没有像现在这样高大，这样美丽。\n奶奶把小女孩抱起来，搂在怀里。\n她俩在光明和快乐中飞走了，\n越飞越高，飞到那没有寒冷，\n没有饥饿，也没有痛苦的地方去了。\n第二天清晨，这个小女孩坐在墙角里，\n两腮通红，嘴上带着微笑。\n她死了，在旧年的大年夜冻死了。\n新年的太阳升起来了，\n照在她小小的尸体上。\n小女孩坐在那儿，手里还捏着\n一把烧过了的火柴梗。\n“她想给自己暖和一下……”人们说。\n谁也不知道她曾经看到过多么美丽的东西，\n她曾经多么幸福，跟着她奶奶\n一起走向新年的幸福中去。');
INSERT INTO "articles" VALUES(116,'grade-3-vol-1','10 在牛肚子里旅行','有两只小蟋蟀，一只叫青头，\n另一只叫红头。它们是一对非常要好的朋友。\n有一天，吃过早饭，青头对红头说：\n“咱们玩捉迷藏吧！”\n“那我先藏，你来找。”红头说。\n“好吧！”青头说完，转过身子闭上了眼。\n红头向周围看了看，\n悄悄地躲在一个草堆里不作声了。\n“藏好了吗？”青头大声问。\n红头不说话，只露出两只眼睛偷偷地看。\n它心想：我要是一答应，就会被青头发现。\n正在这时，一头大黄牛从红头后面慢慢走过来。\n红头做梦也没有想到，大黄牛突然\n低下头来吃草。可怜的红头还没有\n来得及跳开，就和草一起被大黄牛\n卷到嘴里了。\n“救命啊！救命啊！”红头拼命地叫起来。\n“你在哪儿？”青头急忙问。\n“我被牛吃了……正在它的嘴里……\n救命啊！救命啊！”\n青头大吃一惊，它一下子蹦到牛身上，\n可是那只牛用尾巴轻轻一扫，\n青头就给摔在地上了。青头不顾身上的疼痛，\n一骨碌爬起来大声喊：“躲过它的牙齿，\n牛在这时候从来不会仔细嚼的，\n它会把你和草一起吞到肚子里去……”\n“那我马上就会死掉。”红头哭起来。\n它和草已经一起进了牛的肚子。\n青头又跳到牛身上，隔着肚皮和红头说话：\n“红头！不要怕，你会出来的。\n我听说牛肚子里一共有四个胃，\n前三个胃是贮藏食物的，\n只有第四个胃才是管消化的！”\n“可是你说这些对我有什么用呢？”\n红头悲哀地说。\n“当然有用。等一会儿牛休息的时候，\n它要把刚才吞进去的草重新送回嘴里，\n然后细嚼慢咽……你是勇敢的蟋蟀，\n你一定能出来的。”\n“谢谢你！”红头的声音小得\n几乎听不见了。它咬着牙不让自己失去知觉。\n红头在牛肚子里随着草一起移动，\n从第一个胃到了第二个胃，\n又从第二个胃回到了牛嘴里。\n这一下，红头又看见了光亮。\n可是，它已经一动也不能动了。\n这时，青头爬到了牛鼻子上，\n用它的身体在牛鼻孔里蹭来蹭去。\n“阿嚏！”牛打了一个喷嚏，\n红头随着一团草一下子给喷了出来。\n红头看见自己的朋友，高兴地流下了眼泪：\n“谢谢你……”\n青头笑眯眯地说：“不要哭，\n就算你在牛肚子里作了一次旅行吧！”');
INSERT INTO "articles" VALUES(117,'grade-3-vol-1','12 总也倒不了的老屋','老屋已经活了一百多岁了。\n它的窗户变成了黑窟窿，\n门板也破了洞。它很久很久没人住了。\n“好了，我到了倒下的时候了！”\n它自言自语着，准备往旁边倒去。\n“等等，老屋！”一个小小的声音\n在它门前响起，“再过一个晚上，行吗？\n今天晚上有暴风雨，我找不到\n一个安心睡觉的地方。”\n老屋低下头，把老花的眼睛使劲往前凑：\n“哦，是小猫啊！好吧，我就再站一个晚上。”\n第二天，天晴了。小猫从门上的破洞\n跳了出来：“喵喵，谢谢！”\n老屋说：“再见！好了，我到了倒下的时候了！”\n“等等，老屋！”一个小小的声音\n在它门前响起，“再过二十一天，行吗？\n主人想拿走我的蛋，可是我想孵小鸡。\n我找不到一个安心孵蛋的地方。”\n老屋低头看看，墙壁吱吱呀呀地响：\n“哦，是老母鸡啊。好吧，\n我就再站二十一天。”\n二十一天后，老母鸡从破窗户里走了出来，\n九只小鸡从门板下面叽叽叫着钻了出来：\n“叽叽，谢谢！”\n老屋说：“再见！好了，我到了倒下的时候了！”\n“等等，老屋！”一个小极了的声音\n在它门前响起，不注意根本听不到，\n“请再站一会儿吧，我肚子好饿好饿，\n外面的树被砍光了，我找不到\n一个安心织网抓虫的地方。”\n老屋低头看看，眼睛眯成一条缝：\n“哦，是小蜘蛛啊。好吧，\n我就再站一会儿。”\n小蜘蛛飞快地爬进屋子，\n在屋檐上织了一张又大又漂亮的网。\n偶尔有虫子撞到了网上，\n小蜘蛛马上爬过去把虫子吃掉。\n“小蜘蛛，你吃饱了吗？”老屋问。\n“没有，没有。”小蜘蛛一边忙着补网，\n一边回答，“老屋老屋，我给你讲个故事吧！”\n老屋想，这倒很有意思。\n于是它就开始听小蜘蛛讲故事。\n小蜘蛛的故事一直没讲完，\n因此，老屋到现在还站在那儿，\n边晒太阳，边听小蜘蛛讲故事。');
INSERT INTO "articles" VALUES(118,'grade-3-vol-1','15 搭船的鸟','我和母亲坐着小船，到乡下外祖父家里去。\n我们坐在船舱里。天下着大雨，\n雨点打在船篷上，沙啦沙啦地响。\n船夫披着蓑衣在船后用力地摇着橹。\n后来雨停了。我看见一只彩色的小鸟\n站在船头。多么美丽啊！\n它的羽毛是翠绿的，翅膀带着一些蓝色，\n比鹦鹉还漂亮。它还有一张红色的长嘴。\n它什么时候飞来的呢？\n它静悄悄地停在船头不知有多久了。\n它站在那里做什么呢？\n难道它要和我们一起坐船到外祖父家里去吗？\n我正想着，它一下子冲进水里，\n不见了。可是，没一会儿，它飞起来了，\n红色的长嘴衔着一条小鱼。它站在船头，\n一口把小鱼吞了下去。\n母亲告诉我，这是翠鸟。\n哦，这只翠鸟搭了我们的船，在捕鱼吃呢。');
INSERT INTO "articles" VALUES(119,'grade-3-vol-1','16 金色的草地','我们住在乡下，窗前是一大片草地。\n草地上长满了蒲公英。当蒲公英盛开的时候，\n这片草地就变成金色的了。\n我和弟弟常常在草地上玩耍。\n有一次，弟弟跑在我前面，\n我装着一本正经的样子，喊：“谢廖沙！”\n他回过头来，我就使劲一吹，\n把蒲公英的绒毛吹到他脸上。\n弟弟也假装打哈欠，把蒲公英的\n绒毛朝我脸上吹。就这样，\n这些并不引人注目的蒲公英，\n给我们带来了不少快乐。\n有一天，我起得很早去钓鱼，\n发现草地并不是金色的，而是绿色的。\n中午回家的时候，我看见草地是金色的。\n傍晚的时候，草地又变绿了。\n这是为什么呢？我来到草地上，\n仔细观察，发现蒲公英的花瓣是合拢的。\n原来，蒲公英的花就像我们的手掌，\n可以张开、合上。花朵张开时，\n花瓣是金色的，草地也是金色的；\n花朵合拢时，金色的花瓣被包住了，\n草地就变成绿色的了。\n多么可爱的草地！多么有趣的蒲公英！\n从那时起，蒲公英成了我们最喜爱的一种花。\n它和我们一起睡觉，和我们一起起床。');
INSERT INTO "articles" VALUES(120,'grade-3-vol-1','17 古诗三首','望天门山 [唐]李白\n天门中断楚江开，碧水东流至此回。\n两岸青山相对出，孤帆一片日边来。\n饮湖上初晴后雨 [宋]苏轼\n水光潋滟晴方好，山色空蒙雨亦奇。\n欲把西湖比西子，淡妆浓抹总相宜。\n望洞庭 [唐]刘禹锡\n湖光秋月两相和，潭面无风镜未磨。\n遥望洞庭山水翠，白银盘里一青螺。');
INSERT INTO "articles" VALUES(121,'grade-3-vol-1','18 富饶的西沙群岛','西沙群岛是南海上的一群岛屿，\n是我国的海防前哨。那里风景优美，\n物产丰富，是个可爱的地方。\n西沙群岛一带海水五光十色，瑰丽无比：\n有深蓝的，淡青的，浅绿的，杏黄的。\n一块块，一条条，相互交错着。\n因为海底高低不平，有山崖，有峡谷，\n海水有深有浅，从海面看，色彩就不同了。\n海底的岩石上长着各种各样的珊瑚，\n有的像绽开的花朵，有的像分枝的鹿角。\n海参到处都是，在海底懒洋洋地蠕动。\n大龙虾全身披甲，划过来，划过去，\n样子挺威武。\n鱼成群结队地在珊瑚丛中穿来穿去，\n好看极了。有的全身布满彩色的条纹；\n有的头上长着一簇红缨；\n有的周身像插着好些扇子，\n游动的时候飘飘摇摇；\n有的眼睛圆溜溜的，身上长满刺儿，\n鼓起气来像皮球一样圆。\n各种各样的鱼多得数不清。\n正像人们说的那样，西沙群岛的海里\n一半是水，一半是鱼。\n海滩上有拣不完的美丽的贝壳，\n大的，小的，颜色不一，形状千奇百怪。\n最有趣的要算海龟了。每年四五月间，\n庞大的海龟成群爬到沙滩上来产卵。\n渔业工人把海龟翻一个身，\n它就四脚朝天，没法逃跑了。\n西沙群岛也是鸟的天下。\n岛上有一片片茂密的树林，\n树林里栖息着各种海鸟。遍地都是鸟蛋。\n树下堆积着一层厚厚的鸟粪，\n这是非常宝贵的肥料。\n富饶的西沙群岛，是我们祖祖辈辈\n生长的地方。随着祖国建设事业的发展，\n可爱的西沙群岛，必将变得更加美丽，\n更加富饶。');
INSERT INTO "articles" VALUES(122,'grade-3-vol-1','20 美丽的小兴安岭','我国东北的小兴安岭，\n有数不清的红松、白桦、栎树……\n几百里连成一片，就像绿色的海洋。\n春天，树木抽出新的枝条，\n长出嫩绿的叶子。山上的积雪融化了，\n雪水汇成小溪，淙淙地流着。\n溪里涨满了春水。小鹿在溪边散步，\n它们有的俯下身子喝水，\n有的侧着脑袋欣赏自己映在水里的影子。\n夏天，树木长得葱葱茏茏，\n密密层层的枝叶把森林封得严严实实的，\n挡住了人们的视线，\n遮住了蓝蓝的天空。\n早晨，雾从山谷里升起来，\n整个森林浸在乳白色的浓雾里。\n太阳出来了，千万缕像利剑一样的金光，\n穿过树梢，照射在工人宿舍门前的草地上。\n草地上盛开着各种各样的野花，\n红的、白的、黄的、紫的，真像个美丽的大花坛。\n秋天，白桦和栎树的叶子变黄了，\n松柏显得更苍翠了。秋风吹来，\n落叶在林间飞舞。这时候，\n森林向人们献出了酸甜可口的山葡萄，\n又香又脆的榛子，鲜嫩的蘑菇和木耳，\n还有人参等名贵药材。\n冬天，雪花在空中飞舞。\n树上积满了白雪。地上的雪厚厚的，\n又松又软，常常没过膝盖。\n西北风呼呼地刮过树梢。\n紫貂和黑熊不得不躲进各自的洞里。\n紫貂捕到一只野兔当美餐，\n黑熊只好用舌头舔着自己又肥又厚的脚掌。\n松鼠靠秋天收藏在树洞里的松子过日子，\n有时候还到枝头散散步，\n看看春天是不是快要来临。\n小兴安岭一年四季景色诱人，\n是一座美丽的大花园，\n也是一座巨大的宝库。');
INSERT INTO "articles" VALUES(123,'grade-3-vol-1','21 大自然的声音','大自然有许多美妙的声音。\n风，是大自然的音乐家。\n他会在森林里演奏他的手风琴。\n当他翻动树叶，树叶便像歌手一样，\n唱出各种不同的歌曲。不一样的树叶，\n有不一样的声音；不一样的季节，\n有不一样的音乐。当微风拂过，\n那声音轻轻柔柔的，好像呢喃细语，\n让人感受到大自然的温柔；当狂风吹起，\n整座森林都激动起来，合奏出一首雄伟的乐曲，\n那声音充满力量，令人感受到大自然的威力。\n水，也是大自然的音乐家。\n下雨的时候，他喜欢玩打击乐器。\n小雨滴敲敲打打，一场热闹的音乐会便开始了。\n滴滴答答……叮叮咚咚……\n所有的树林，树林里的每片树叶；\n所有的房子，房子的屋顶和窗户，\n都发出不同的声音。当小雨滴汇聚起来，\n他们便一起唱着歌：小溪淙淙，流向河流；\n河流潺潺，流向大海；大海哗哗，汹涌澎湃。\n从一首轻快的山中小曲，\n唱到波澜壮阔的海洋大合唱。\n动物是大自然的歌手。走在公园里，\n听听树上叽叽喳喳的鸟叫；\n坐在一棵树下，听听唧哩哩唧哩哩的虫鸣；\n在水塘边散步，听听青蛙的歌唱。\n你知道他们唱的是什么吗？\n他们的歌声好像告诉我们：\n“我在歌唱，我很快乐！”');
INSERT INTO "articles" VALUES(124,'grade-3-vol-1','22 父亲、树林和鸟','父亲一生最喜欢树林和歌唱的鸟。\n童年时，一个春天的黎明，\n父亲带着我从滹沱河岸的一片树林边走过。\n父亲突然站定，朝幽深的雾蒙蒙的树林，\n上上下下地望了又望，用鼻子闻了又闻。\n“林子里有不少鸟。”父亲喃喃着。\n并没有看见一只鸟飞，\n并没有听到一声鸟叫。\n我茫然地望着凝神静气的\n像树一般兀立的父亲。\n父亲指着一棵树的一根树枝对我说：\n“看那里，没有风，叶子为什么在动？”\n我仔细找，没有找到动着的那几片叶子。\n“还有鸟味。”父亲轻声说，他生怕惊动鸟。\n我只闻到浓浓的苦味的草木气，\n没有闻到什么鸟的气味。\n“鸟也有气味？”\n“有。树林里过夜的鸟总是一群，\n羽毛焐得热腾腾的。\n黎明时，所有的鸟都抖动着羽毛，\n要抖净露水和湿气。\n每一只鸟都张开嘴，舒畅地呼吸着，\n深深地呼吸着。鸟要唱歌了。”\n父亲和我坐在树林边，\n鸟真的唱了起来。\n“这是树林和鸟最快活的时刻。”父亲说。\n我知道父亲此时也最快活。\n过了几天，父亲对我说：\n“鸟最快活的时刻，飞离树枝的那一瞬间，\n最容易被猎人打中。”\n“为什么？”我惊愕地问。\n“黎明时的鸟，翅膀潮湿，飞起来沉重。”\n我真高兴，父亲不是猎人。');
INSERT INTO "articles" VALUES(125,'grade-3-vol-1','24 司马光','群儿戏于庭，一儿登瓮，\n足跌没水中。\n众皆弃去，光持石击瓮破之，\n水迸，儿得活。');
INSERT INTO "articles" VALUES(126,'grade-3-vol-1','26 灰雀','有一年冬天，列宁在郊外养病。\n他每天到公园散步。公园里有一棵\n高大的白桦树，树上有三只灰雀：\n两只胸脯是粉红的，一只胸脯是深红的。\n它们在树枝间来回跳动，\n婉转地歌唱，非常惹人喜爱。\n列宁每次走到白桦树下，都要停下来，\n仰望这三只欢快的灰雀，\n还经常给它们带来面包渣和谷粒。\n一天，列宁又来到公园，\n走到白桦树下，发现那只\n胸脯深红的灰雀不见了。\n他在周围的树林中找遍了，也没有找到。\n这时，列宁看见一个小男孩，就问：\n“孩子，你看见过一只深红色胸脯的灰雀吗？”\n男孩说：“没……我没看见。”\n列宁说：“一定是飞走了或者是冻死了。\n天气严寒，它怕冷。”\n那个男孩本来想告诉列宁灰雀没有死，\n但又不敢讲。\n列宁自言自语地说：“多好的灰雀呀，\n可惜再也飞不回来了。”\n男孩看看列宁，说：“会飞回来的，\n一定会飞回来的。它还活着。”\n列宁问：“会飞回来？”\n“一定会飞回来！”男孩肯定地说。\n第二天，列宁来到白桦树下，\n果然又看到那只灰雀欢蹦乱跳地在枝头歌唱。\n那个男孩站在白桦树旁，低着头。\n列宁看看男孩，又看看灰雀，\n微笑着说：“你好！灰雀，\n昨天你到哪儿去了？”\n当然，灰雀没有告诉列宁昨天它去哪儿了。\n列宁也没再问那个男孩，\n因为他已经知道，男孩是诚实的。');
INSERT INTO "articles" VALUES(127,'grade-3-vol-2','1 古诗三首','绝句 [唐]杜牧\n迟日江山丽，春风花草香。\n泥融飞燕子，沙暖睡鸳鸯。\n惠崇春江晚景 [宋]苏轼\n竹外桃花三两枝，春江水暖鸭先知。\n蒌蒿满地芦芽短，正是河豚欲上时。\n三衢道中 [宋]曾几\n梅子黄时日日晴，小溪泛尽却山行。\n绿阴不减来时路，添得黄鹂四五声。');
INSERT INTO "articles" VALUES(128,'grade-3-vol-2','2 燕子','一身乌黑的羽毛，一对轻快有力的翅膀，\n加上剪刀似的尾巴，\n凑成了那样可爱的活泼的小燕子。\n二三月的春日里，轻风微微地吹拂着，\n如毛的细雨由天上洒落着，\n千条万条的柔柳，红的白的黄的花，\n青的草，绿的叶，都像赶集似的聚拢来，\n形成了烂漫无比的春天。\n这时候，那些小燕子，\n那么伶俐可爱的小燕子，\n也由南方飞来，加入这光彩夺目的图画中，\n为春光平添了许多生趣。\n小燕子带了它的剪刀似的尾巴，\n在阳光满地时，斜飞于旷亮无比的天空，\n叽的一声，已由这里的稻田上，\n飞到那边的高柳下了。\n另有几只却在波光粼粼的湖面上横掠着，\n小燕子的翼尖或剪尾，偶尔沾了一下水面，\n那小圆晕便一圈一圈地荡漾开去。\n那边还有飞倦了的几对，闲散地在纤细的电线上休憩——\n嫩蓝的春天，几支木杆，几痕细线连于杆与杆之间，\n线上停着几个小黑点，那便是燕子。\n多么有趣的一幅图画呀！');
INSERT INTO "articles" VALUES(129,'grade-3-vol-2','3 荷花','清早，我到公园去玩，一进门就闻到一阵清香。\n我赶紧往荷花池边跑去。\n荷花已经开了不少了。\n荷叶挨挨挤挤的，像一个个碧绿的大圆盘。\n白荷花在这些大圆盘之间冒出来。\n有的才展开两三片花瓣儿。\n有的花瓣儿全展开了，露出嫩黄色的小莲蓬。\n有的还是花骨朵儿，看起来饱胀得马上要破裂似的。\n这么多的白荷花，一朵有一朵的姿势。\n看看这一朵，很美；看看那一朵，也很美。\n如果把眼前的一池荷花看作一大幅活的画，\n那画家的本领可真了不起。\n我忽然觉得自己仿佛就是一朵荷花，\n穿着雪白的衣裳，站在阳光里。\n一阵微风吹过来，我就翩翩起舞，\n雪白的衣裳随风飘动。\n不光是我一朵，一池的荷花都在舞蹈。\n风过了，我停止的舞蹈，静静地站在那儿。\n蜻蜓飞过来，告诉我清早飞行的快乐。\n小鱼在脚下游过，告诉我昨夜做的好梦……\n过了一会儿，我才记起我不是荷花，\n我是在看荷花呢。');
INSERT INTO "articles" VALUES(130,'grade-3-vol-2','5 守株待兔','宋人有耕者。田中有株。\n兔走触株，折颈而死。\n因释其垒而守株，冀复得兔。\n兔不可复得，而身为宋国笑。');
INSERT INTO "articles" VALUES(131,'grade-3-vol-2','6 陶罐和铁罐','国王的御厨里有两个罐子，\n一个是陶的，一个是铁的。\n骄傲的铁罐看不起陶罐，常常奚落它。\n“你敢碰我吗，陶罐子！”铁罐傲慢地问。\n“不敢，铁罐兄弟。”陶罐谦虚地回答。\n“我就知道你不敢，懦弱的东西！”\n铁罐说，带着更加轻蔑的神气。\n“我确实不敢碰你，但并不是懦弱。”\n陶罐争辩说，“我们生来就是盛东西的，\n并不是来互相碰撞的。说到盛东西，\n我不见得就比你差。再说……”\n“住嘴！”铁罐恼怒了，\n“你怎么敢和我相提并论！\n你等着吧，要不了几天，\n你就会破成碎片，我却永远在这里，\n什么也不怕。”\n“何必这样说呢？”陶罐说，\n“我们还是和睦相处吧，有什么可吵的呢！”\n“和你在一起，我感到羞耻，\n你算什么东西！”铁罐说，\n“走着瞧吧，总有一天，我要把你碰成碎片！”\n陶罐不再理会铁罐。\n时间在流逝，世界上发生了许多事情。\n王朝覆灭了，宫殿倒塌了，\n两个罐子遗落在荒凉的废墟上，\n上面覆盖了厚厚的尘土。\n许多年代过去了。有一天，\n人们来到这里，掘开厚厚的堆积物，\n发现了那个陶罐。\n“哟，这里有一个罐子！”\n一个人惊讶地说。\n“真的，一个陶罐！”其他的人都高兴地叫起来。\n捧起陶罐，倒掉里面的泥土，\n清理干净，它还是那样光洁，\n朴素，美观。\n“多美的陶罐！”一个人说，\n“小心点儿，千万别把它碰坏了，\n这是古代的东西，很有价值的。”\n“谢谢你们！”陶罐兴奋地说，\n“我的兄弟铁罐就在我旁边，\n请你们把它也掘出来吧，它一定闷得够受了。”\n人们立即动手，翻来覆去，\n把土都掘遍了，但是，连铁罐的影子也没见到。');
INSERT INTO "articles" VALUES(132,'grade-3-vol-2','7 鹿角和鹿腿','丛林中，住着一只漂亮的鹿。\n有一天，鹿口渴了，找到一个池塘，\n痛痛快快地喝起水来。池水清清的，\n像一面镜子。鹿忽然发现了自己\n倒映在水中的影子：“咦，这是我吗？”\n鹿摆摆身子，水中的倒影也跟着摆动起来。\n他从来没有注意到自己是这么漂亮！\n他不着急离开了，对着池水欣赏自己的美丽：\n“啊！我的身段多么匀称，\n我的角多么精美别致，好像两束美丽的珊瑚！”\n一阵清风吹过，池水泛起了层层波纹。\n鹿忽然看到了自己的腿，不禁噘起了嘴，\n皱起了眉头：“唉，这四条腿太细了，\n怎么配得上这两只美丽的角呢！”\n鹿开始抱怨起自己的腿来。\n就在他没精打采准备离开的时候，\n忽然听到远处传来一阵脚步声。\n他机灵地支起耳朵，不错，\n是脚步声！鹿猛一回头，\n哎呀，一头狮子正悄悄地向自己逼近。\n鹿不敢犹豫，撒开长腿就跑。\n有力的长腿在灌木丛中蹦来跳去，\n不一会儿，就把凶猛的狮子远远地甩在了后面。\n就在狮子灰心丧气不想再追的时候，\n鹿的角却被树枝挂住了。\n狮子赶紧抓住这个机会，猛扑过来。\n眼看就要追上了，鹿用尽全身力气，\n使劲一扯，才把两只角从树枝中挣脱出来，\n然后又拼命向前奔去。\n这次，狮子再也没有追上。\n鹿跑到一条小溪边，停下脚步，\n一边喘气，一边休息。\n他叹了口气，说：“两只美丽的角差点儿送了我的命，\n可四条难看的腿却让我狮口逃生！”');
INSERT INTO "articles" VALUES(133,'grade-3-vol-2','9 古诗三首','元日 [宋]王安石\n爆竹声中一岁除，春风送暖入屠苏。\n千门万户曈曈日，总把新桃换旧符。\n清明 [唐]杜牧\n清明时节雨纷纷，路上行人欲断魂。\n借问酒家何处有？牧童遥指杏花村。\n九月九日忆山东兄弟 [唐]王维\n独在异乡为异客，每逢佳节倍思亲。\n遥知兄弟登高处，遍插茱萸少一人。');
INSERT INTO "articles" VALUES(134,'grade-3-vol-2','10 纸的发明','造纸术的发明，是中国对世界文明的伟大贡献之一。\n早在几千年前，我们的祖先就创造了文字。\n可那时候还没有纸，要记录一件事情，\n就用刀把文字刻在龟甲和兽骨上，\n或者把文字铸刻在青铜器上。\n后来，人们又把文字刻在竹片和木片上。\n这些竹片、木片用绳子穿起来，\n就成了一册书。但是，这种书很笨重，\n阅读、携带、保存都很不方便。\n古时候用“学富五车”形容一个人学问高，\n是因为书多的时候需要用车来拉。\n再后来，有了蚕丝织成的帛，\n就可以在帛上写字了。帛比竹片、木片轻便，\n但是价钱太贵，只有少数人能用，不能普及。\n人们用蚕茧制作丝绵时，发现\n盛放蚕茧的篾席上，会留下一层薄片，\n可用于书写。考古学家发现，\n在两千多年前的西汉时代，\n人们已经懂得了用麻来造纸。\n但是麻纸比较粗糙，不便书写。\n大约在一千九百年前的东汉时代，\n有个叫蔡伦的人，吸收了人们长期积累的经验，\n改进了造纸术。他把树皮、麻头、稻草、\n破布等原料剪碎或切断，浸在水里捣烂成浆；\n再把浆捞出来晒干，就成了一种\n既轻便又好用的纸。\n用这种方法造的纸，原料容易得到，\n可以大量制造，价格又便宜，\n能满足多数人的需要，\n所以这种造纸方法就传承下来了。\n我国的造纸术首先传到邻近的\n朝鲜半岛和日本，后来又传到阿拉伯世界\n和欧洲，极大地促进了人类社会的进步\n和文化的发展。');
INSERT INTO "articles" VALUES(135,'grade-3-vol-2','11 赵州桥','河北省赵县的洨河上，\n有一座世界闻名的石拱桥，叫安济桥，\n又叫赵州桥。它是隋朝的石匠李春\n设计和参加建造的，到现在已经有一千四百多年了。\n赵州桥非常雄伟。桥长五十多米，\n有九米多宽，中间行车马，两旁走人。\n这么长的桥，全部用石头砌成，\n下面没有桥墩，只有一个拱形的大桥洞，\n横跨在三十七米多宽的河面上。\n大桥洞顶上的左右两边，还各有两个拱形的小桥洞。\n平时，河水从大桥洞流过，发大水的时候，\n河水还可以从四个小桥洞流过。\n这种设计，在建桥史上是一个创举，\n既减轻了流水对桥身的冲击，使桥不容易被大水冲毁，\n又减轻了桥身的重量，节省了石料。\n这座桥不但坚固，而且美观。\n桥面两侧有石栏，栏板上雕刻着精美的图案：\n有的刻着两条相互缠绕的龙，\n嘴里吐出美丽的水花；有的刻着两条飞龙，\n前爪相互抵着，各自回首遥望；\n还有的刻着双龙戏珠。\n所有的龙似乎都在游动，真像活了一样。\n赵州桥体现了劳动人民的智慧和才干，\n是我国宝贵的历史文化遗产。');
INSERT INTO "articles" VALUES(136,'grade-3-vol-2','12 一幅名扬中外的画','北宋时候，有位画家叫张择端。\n他画了一幅名扬中外的画——《清明上河图》。\n这幅画长528厘米，高24.8厘米，\n画的是北宋都城汴京热闹的场面。\n这幅画已经有八九百年的历史了，\n现在还完整地保存在北京故宫博物院里。\n张择端画这幅画的时候，下了很大功夫。\n光是画上的人物，就有五百多个：\n有从乡下来的农民，有撑船的船工，\n有做各种买卖的生意人，\n有留着长胡子的道士，\n有走江湖的医生，有摆小摊的摊贩，\n有官吏和读书人……三百六十行，\n哪一行的人都画在上面了。\n画上的街市可热闹了。\n街上有挂着各种招牌的店铺、作坊、\n酒楼、茶馆……走在街上的，\n是来来往往、形态各异的人：\n有的骑着马，有的挑着担，\n有的赶着毛驴，有的推着独轮车，\n有的悠闲地在街上溜达。\n画面上的这些人，有的不到一寸，\n有的甚至只有黄豆那么大。\n别看画上的人小，每个人在干什么，\n都能看得清清楚楚。\n最有意思的是桥北头的情景：\n一个人骑着马，正往桥下走。\n因为人多，眼看就要碰上对面来的一乘轿子。\n就在这个紧急时刻，那个骑马人一下子\n拽住了马笼头，这才没碰上那乘轿子。\n不过，这么一来，惊扰了旁边\n一头小毛驴。小毛驴受了惊，撒开四蹄，\n在桥上跑了起来。赶驴的人正忙着\n追赶小毛驴……\n《清明上河图》使我们看到了八九百年以前的古都风貌，\n看到了当时普通百姓的生活情景。');
INSERT INTO "articles" VALUES(137,'grade-3-vol-2','13 花钟','鲜花朵朵，争奇斗艳，芬芳迷人。\n要是我们留心观察，就会发现，\n一天之内，不同的花开放的时间是不同的。\n凌晨四点，牵牛花吹起了紫色的小喇叭；\n五点左右，艳丽的蔷薇绽开了笑脸；\n七点，睡莲从梦中醒来；\n中午十二点左右，午时花开花了；\n下午三点，万寿菊欣然怒放；\n五点，紫茉莉苏醒过来；\n月光花在七点左右舒展开自己的花瓣；\n夜来香在晚上八点开花；\n昙花却在九点左右含笑一现……\n不同的植物为什么开花的时间不同呢？\n原来，植物开花的时间，与温度、湿度、\n光照有着密切的关系。\n比如，昙花的花瓣又大又娇嫩，\n白天阳光强，气温高，空气干燥，\n要是在白天开花，就有被灼伤的危险。\n深夜气温过低，开花也不适宜。\n长期以来，它适应了晚上九点左右的温度和湿度，\n到了那时，便悄悄绽开淡雅的花蕾，\n向人们展示美丽的笑脸。\n还有的花，需要昆虫传播花粉，\n才能结出种子，它们开花的时间\n往往跟昆虫活动的时间相吻合。\n一位植物学家曾有意把不同时间开放的花种在一起，\n把花圃修建得像钟面一样，\n组成花的“时钟”。\n这些花在二十四小时内陆续开放。\n你只要看看什么花刚刚开放，\n就知道大致是几点钟，这是不是很有趣？');
INSERT INTO "articles" VALUES(138,'grade-3-vol-2','14 蜜蜂','听说蜜蜂有辨认方向的能力，无论飞到哪里，\n它总是可以回到原处。\n我想做个实验。\n一天，我在自家草料棚的蜂窝里\n捉了一些蜜蜂，把它们放在纸袋里。\n我叫小女儿在蜂窝旁等着，\n自己带着蜜蜂，走了四公里路，\n打开纸袋，在它们身上做了白色记号，\n然后放了出来。二十只左右被闷了好久的蜜蜂\n向四面飞散，好像在寻找回家的方向。\n这时候刮起了狂风，蜜蜂飞得很低，\n几乎要触到地面，大概这样可以减少阻力。\n我想，它们飞得这么低，\n怎么能看到遥远的家呢？\n在回家的路上，我推测蜜蜂可能找不到家了。\n没等我回到家，小女儿就冲过来，\n脸红红的，看上去很激动。\n她高声喊道：“有两只蜜蜂飞回来了！\n它们两点四十分回到蜂窝里，满身都是花粉呢。”\n我放蜜蜂的时候是将近两点钟，\n也就是说，在大约三刻钟的时间里，\n那两只小蜜蜂飞了四公里路，\n这还包括了采花粉的时间。\n傍晚时，我亲眼看到另外三只飞了回来，\n身上也都带着花粉。\n第二天我检查蜂窝时，\n发现了十五只身上有白色记号的蜜蜂。\n这样，二十只左右的蜜蜂，至少有十五只\n没有迷失方向，准确无误地回到了家。\n尽管它们逆风而飞，沿途都是一些\n陌生的景物，但它们确确实实飞回来了。\n蜜蜂靠的不是超常的记忆力，\n而是一种我无法解释的本能。');
INSERT INTO "articles" VALUES(139,'grade-3-vol-2','16 宇宙的另一边','我趴在窗台，看着浩瀚的星空。\n星光洒进我的眼睛，在我身体里汩汩流淌，\n告诉我一个秘密：很远很远的地方，\n宇宙的另一边，是这一边的倒影。\n那里有另一个我……\n当我的书包却了书的时候，\n他那个书包是不是也装不下了？\n当我气喘吁吁爬楼梯的时候，\n他是不是正下楼去？\n当我在床上睡觉的时候，\n他是不是正在教室里读书？\n在宇宙的这一边，雪是在冬天下的；\n那么，在宇宙的另一边，\n雪是在夏天下的吗？\n在宇宙的这一边，太阳从东方升起；\n那么，在宇宙的另一边，\n太阳是从西方升起的吗？\n在宇宙的这一边，石头是没有生命的；\n在宇宙的另一边，它会不会像花朵一样开放，\n或者像人一样行走？\n早上，我背起书包出门向左走时，\n忽然想到，在宇宙的另一边，\n另一个我会不会正在出门向右走？\n上课铃声响了，我们的第一节课是语文课。\n在宇宙的另一边，他们的第一节课\n是数学课吗？他们的数学课，\n会是什么样子的呢？\n在宇宙的另一边，加法是这样的：\n大地万物加上一场大雪等于一片白茫茫，\n那时，无数的孩子会从家里冲出来，\n打雪仗、堆雪人、滑雪……\n这样，大地万物加上一场大雪又等于无数孩子的节日。\n乘法是这样的：“早春二月”乘以“竹外桃花三两枝”，\n再乘以“春雨贵如油”，等于“春风又绿江南岸”，\n又等于“碧玉妆成一树高，万条垂下绿丝绦”，\n最后等于“儿童散学归来早，忙趁东风放纸鸢”。\n真想知道，在宇宙的另一边，\n如果想写一篇关于风的习作，\n要怎么写呢？正当我的思绪\n在茫茫宇宙中穿梭时，突然，\n耳边响起了语文老师的声音：\n“你在想什么呢？”\n我有些尴尬。但在那一瞬间，\n我决定把我知道的告诉大家：\n在宇宙的另一边，如果想写一篇\n关于风的习作，就得闭上眼睛，\n想象风的样子，慢慢地让自己也变成风，\n在空中飞啊飞，飞得越高，\n习作的分数就越高……\n下课了，大家围着我，想知道\n宇宙的另一边还有什么有趣的事情。\n是啊，关于宇宙的另一边，\n我们都想知道更多。到了晚上，\n我还要趴在窗台上，看着浩瀚的星空，\n穿越茫茫宇宙，飞到那个\n很远很远的地方，再去拜访\n宇宙另一边的那个“我”。');
INSERT INTO "articles" VALUES(140,'grade-3-vol-2','17 我变成了一棵树','我真希望变成一棵树，\n这样就没人在你玩的时候叫你吃饭了。\n我心里想着，就觉得身上痒痒的，\n低头一看，发现许多小树枝正从我身上冒出来。\n呀，我真的变成了一棵树！\n你猜，我变的树上会长什么？\n当然不是苹果啦，梨啦，那么普通的东西。\n我变成了一棵长满各种形状的鸟窝的树：\n三角形的、正方形的、长方形的、\n圆形的、椭圆形的、菱形的……\n风一吹，它们就在枝头跳起了舞。\n我会请小兔、小刺猬、小松鼠、\n小鸭子、小鳄鱼、小狐狸住在里面，\n如果你喜欢也可以住进来。\n你怎么住进来？别担心，\n我会弯下腰，让鸟窝离你很近很近，\n你只需轻轻一跳或者轻轻一爬，\n就像平时上你的小床那么容易。\n傍晚的时候，妈妈背着一个大包过来了，\n我的心嗵嗵地跳着，震得树上的鸟窝都一动一动的，\n发出丁零丁零的声音。\n“你好！”妈妈向我点了点头，\n“请问我可以住在那个三角形的鸟窝里吗？”\n她不知道我变成了树！\n我有点儿高兴，又有些失望。\n“当然可以。”我大声说。\n但是，妈妈好像没有发现我在跟她说话。\n她把大包扔进鸟窝，自己也爬了上去。\n“嗡，嗡，嗡……”\n妈妈从大包里拿出了许多好东西：\n巧克力、香肠、面包、花生、牛奶……\n她把这些好吃的分给小动物们。\n他们一起在我的鸟窝里津津有味地吃了起来。\n“咕噜噜……”我肚子里的怪声音响了。\n“咦，树肚子里怎么会有声音？”\n妈妈奇怪地问。\n“咕噜噜……”我肚子里的声音越来越响了。\n“大家别挤，别挤！”小刺猬大喊，\n“为了不从鸟窝里掉下去，\n我们得抓紧身边的树枝。”\n大家都照做了。只有妈妈没做，\n她把带来的东西分完了，\n正坐在那儿吃我最爱吃的巧克力派。\n“咕噜噜……”我的肚子发出的声音太响了，\n把小松鼠吓了一跳：“哇，\n那是什么怪物在叫？是不是有虫子？”\n“不，不对，”小狐狸说，\n“是肚子饿了的声音。”\n“对，对，”小鳄鱼说，\n“树干里一定住着一只大馋虫。”\n“好吧，”妈妈停了下来，\n“我把这点儿巧克力派分给它。”\n妈妈把巧克力派塞在树干上的一个洞眼里，\n那正是我的嘴巴。呀，真香！\n我正吃得开心，突然看见\n一滴水珠从树叶上滚落下来。\n“小馋猫，肚子饿了，对不对？”\n妈妈说话了，还对我眨了一下眼睛。\n噢，最了解我的人到底还是妈妈。\n“唉，变成了树真麻烦，\n他们连水珠从我的嘴巴里流出来都不知道。”\n我心里想。');
INSERT INTO "articles" VALUES(141,'grade-3-vol-2','18 童年的水墨画','溪边：垂柳把溪水当作梳妆的镜子，\n山溪像绿玉带一样平静。\n人影给溪水染绿了，\n钓竿上立着一只红蜻蜓。\n忽然扑腾一声人影碎了，\n草地上蹦跳着鱼儿和笑声。\n江上：像刚下水的鸭群，\n扇动翅膀拍水戏耍。\n一双双小手拨动着浪花，\n你拨我溅笑哈哈。\n是哪个“水葫芦”一下钻入水中，\n出水时只见一阵水花两排银牙。\n林中：松树刚洗过澡一身清清爽爽，\n松针上一串串雨珠往下落。\n只见松林里一个个斗笠像蘑菇一样。\n是谁一声欢叫把雨珠抖落，\n只见松林里一个个斗笠像蘑菇一样。\n在林子里快活地喊叫？');
INSERT INTO "articles" VALUES(142,'grade-3-vol-2','19 剃头大师','我小时候，最怕做的一件事就是剃头。\n那时，我们那个村子里还没有理发店。\n剃头只有一种方式：\n剃头师傅背着工具箱走街串巷，\n手里拿着两把剃刀，一把推剪，\n一把梳子，一块围布。\n我们的村子里有一个剃头师傅，\n大家叫他“害人精”。\n因为他眼神不好，剃头的时候，\n总会把人的头皮弄破。\n小沙天生胆小，他怕鬼，怕喝中药，\n怕做噩梦，还怕剃头。\n老师傅每次给他剃头，\n他都杀猪一样嚎叫。\n所以，小沙每次剃头，\n都要姑父押着去。姑父还在旁边监督，\n不许小沙乱动，也不许老师傅弄伤小沙。\n有一次，姑父有事出去了，\n只有老师傅和小沙在。\n老师傅刚把泡沫涂在小沙头上，\n小沙就大喊：“疼！疼！”\n老师傅说：“还没剃呢，怎么就疼了？”\n“你把肥皂沫弄到我眼睛里了！”\n小沙哇哇大叫。\n老师傅手忙脚乱地拿毛巾给小沙擦眼睛。\n小沙趁机夺门而逃。\n他顶着满头的肥皂泡，\n跑到我家，求我给他剃头。\n我哪里会剃头？我连剪刀都没拿过。\n“没关系，你只要把我的头发剪短就行。”\n小沙说，“我给你五块钱。”\n五块钱！这可是一笔巨款。\n我动心了，找出一把剪刀，\n让小沙坐在凳子上，给他围上床单。\n“咔嚓”一声，我剪下了一缕头发。\n小沙摸了摸头，高兴地说：\n“不疼！你真行！你是剃头大师！”\n受到表扬，我更加自信了。\n我拿着剪刀，在小沙头上乱剪一气。\n一会儿剪长了，一会儿剪短了。\n剪到最后，小沙的头发变得坑坑洼洼，\n像被狗啃过一样。\n小沙照了照镜子，大哭起来。\n“你赔我的头发！你赔我的头发！”\n我吓坏了，不知所措。\n这时，姑父回来了。\n他看见小沙的样子，气得吹胡子瞪眼。\n他拉着小沙去了理发店，\n把小沙剃成了光头。\n从那以后，小沙再也不让我给他剃头了。\n不过，我多了一个外号，叫“剃头大师”。');
INSERT INTO "articles" VALUES(143,'grade-3-vol-2','20 肥皂泡','小的时候，游戏的种类很多，\n其中我最爱玩的是吹肥皂泡。\n下雨的时节，不能到山上海边去玩，\n母亲就教我们在廊子上吹肥皂泡。\n说是弄一点儿肥皂，加点儿水，\n和弄和弄，使它溶化。\n然后用一根小木管，蘸上那黏稠的肥皂水，\n慢慢地吹起，吹成一个轻圆的网球大小的泡儿，\n再轻轻地一提，那轻圆的球儿便从管上落了下来，\n软悠悠地在空中飘游。\n若用扇子在下面轻轻地扇送，\n有时能飞得很高很高。\n这肥皂泡，吹起来很美丽，\n五色的浮光，在那轻清透明的球面上乱转。\n若是扇得好，一个大球会分裂成两三个玲珑娇软的小球，\n四散分飞。有时吹得太大了，\n扇得太急了，这脆弱的球，会扯成长圆形状，\n颤巍巍的，光影零乱。\n这时大家都悬着心，仰着头，屏住呼吸，\n——不久，这光丽的薄球就无声地散裂了，\n肥皂水落了下来，洒到眼睛里，\n大家都忽然低了头，揉出了眼泪。\n那一个个轻清脆丽的小球，\n像一串美丽的梦，是我们自己小心地轻轻吹起的，\n吹了起来，又轻轻地飞起，\n是那么圆满，那么自由，那么透明，那么美丽。\n借着扇子的轻风，把她们一个个送上天去送过海去。\n到天上，轻轻地挨着明月，渡过天河跟着夕阳西去。\n或者轻悠悠地飘过大海，飞越山巅，\n又低低地落下，落到一个熟睡中的婴儿的头发上……\n目送着她们，我心里充满了快乐、骄傲与希望。');
INSERT INTO "articles" VALUES(144,'grade-3-vol-2','21 我不能失信','一个星期天，宋庆龄一家用过早餐，\n准备到父亲的一位朋友家去。\n二女儿宋庆龄显得特别高兴。\n她早就盼着到这位伯伯家去了。\n伯伯家养的鸽子，尖尖的嘴巴，\n红红的眼睛，漂亮极啦！\n伯伯还说准备送她一只呢！\n她刚走到门口，突然想起什么，\n停下了脚步。“怎么了？”\n爸爸奇怪地问。“爸爸，\n我昨天和小珍约好了，\n今天上午她来我家学叠花篮。”\n庆龄说。“你改天再教她吧，\n我们快走。”爸爸说完，拉起庆龄的手就要走。\n“不行！不行！我答应了小珍，\n今天上午等她，我不能失信。”\n庆龄摆摆手说。\n妈妈在旁边说：“庆龄，\n你把花篮放在桌子上，小珍来了，\n看见花篮，就会走的。”\n“不，妈妈。如果我忘记了这件事，\n见到她时向她道歉是可以的，\n但我已经想起来了，就不能失信了！”\n庆龄坚定地说。\n爸爸妈妈看着庆龄，答应了她的请求。\n送家里人出门后，庆龄一个人回到房间里，\n耐心地等候小珍。她一会儿拿起书看，\n一会儿又坐到琴凳上弹钢琴，\n平时爱不释手的书和琴，\n今天怎么也引不起她的兴趣。\n她一直等了很久，小珍也没有来。\n快到中午了，爸爸妈妈回来了。\n妈妈心疼地说：“我的女儿一个人在家，\n该多没意思啊！”\n庆龄仰起脸回答道：“一个人在家，\n是很没劲。可是，我守住了信用。”');
INSERT INTO "articles" VALUES(145,'grade-3-vol-2','22 我们奇妙的世界','这是一个奇妙的世界，一切看上去都是有生命的。\n你看天空的珍藏——\n清晨，太阳升起，带来新的一天。\n开始，天空呈粉红色，慢慢地变成了蔚蓝色，\n太阳像大火球一样升起来了。\n有时，云彩在蓝色的天空中飞行，\n如同经过雕饰一样，呈现出各种奇妙的形状，\n告诉我们许多奇妙的故事。\n当云彩变得又黑又重时，雨点就会噼噼啪啪地降落到大地上。\n雨后，我们会看到地上有许多水洼，\n就像有趣的镜子，映射着我们的脸。\n一天结束了，落日的余晖不时变幻着颜色，\n好像有谁在天空涂上了金色、红色和紫色。\n黑夜降临了，我们看见夜空中群星闪烁，\n就像千千万万支极小的蜡烛在发光。\n再看大地的珍藏——\n我们能看到植物生长的奇迹——\n极小的一粒种子种到地里，生根、发芽，\n不久就开花了，花很漂亮。\n我们能看到各种水果诱人的颜色，\n圆润的鲜红色的樱桃，深紫色的李子，\n浅黄色的梨。\n夏日，在大树下乘凉，\n我们会感叹，大树带来这么多绿荫。\n秋天带着金黄色的光辉神奇地来到了，\n那时，道路上好像洒满了光芒。\n蝴蝶张开漂亮的翅膀在空中翩翩起舞。\n鸟儿为了建造它们的房子，衔着泥土振翅飞翔。\n我们领略秋风的劲吹——树枝颤动，\n树叶飘落。冬天，我们看到了房檐上垂下的冰柱，\n它们好像一把把锋利的刀剑在阳光下闪耀。\n等到积雪融化时，从房檐上落下的小水滴，\n就像一颗颗珍珠。\n只要我们仔细地观察，寻找，\n就能从极普通的事物中找到美——\n各种形状的卵石，三桅小船的模型，\n颜色各异的羽毛。\n是的，世界上存在的奇妙的事物是无穷的，\n只要我们去寻找。');
INSERT INTO "articles" VALUES(146,'grade-3-vol-2','23 海底世界','你可知道，大海深处是怎样的吗？\n海面上波涛汹涌的时候，海底依然是宁静的。\n最大的风浪，也只能影响到海面以下几十米深。\n阳光射不到海底，水越深光线越暗，\n五百米以下就全黑了。\n在这一片黑暗的深海里，\n却有许多光点像闪烁的星星，\n那是有发光器官的深水鱼。\n海底是否没有一点儿声音呢？\n不是的。海底的动物常常在窃窃私语。\n你用水中听音器一听，就能听见各种声音：\n有的像蜜蜂一样嗡嗡，有的像小鸟一样啾啾，\n有的像小狗一样汪汪，有的还好像在打鼾……\n它们吃东西的时候发出一种声音，\n行进的时候发出另一种声音，\n遇到危险还会发出警报。\n海里的动物，各有各的活动方法。\n海参靠肌肉收缩爬行，每小时只能前进四米。\n有一种鱼身体像梭子，每小时能游几十千米，\n攻击其他动物的时候，比火车还快。\n乌贼和章鱼能突然向前方喷水，\n利用水的反推力迅速后退。\n还有些贝类自己不动的，但能巴在轮船底下作免费的长途旅行。\n海底的植物差异也很大。\n它们的色彩多种多样，有褐色的，\n有紫色的，还有红色的。\n最小的单细胞海藻，要用显微镜才能看清楚。\n最大的海藻长达二三百米，是地球上最长的生物。\n海底蕴藏着丰富的煤、铁、石油和天然气，\n还有陆地上储量很少的稀有金属。\n海底真是个景色奇异、物产丰富的世界。');
INSERT INTO "articles" VALUES(147,'grade-3-vol-2','24 火烧云','晚饭过后，火烧云上来了。\n霞光照得小孩子的脸红红的。\n大白狗变成红的了，红公鸡变成金的了，\n黑母鸡变成紫檀色的了。\n喂猪的老头儿在墙根靠着，\n笑盈盈地看着他的两头小白猪变成小金猪了。\n他刚想说：“你们也变了……”\n旁边走来个乘凉的人对他说：\n“您老人家必要高寿，您是金胡子了。”\n天上的云从西边一直烧到东边，\n红彤彤的，好像是天空着了火。\n这地方的火烧云变化极多，\n一会儿红彤彤的，一会儿金灿灿的，\n一会儿半紫半黄，一会儿半灰半百合色。\n葡萄灰、梨黄、茄子紫，\n这些颜色天空都有。还有些说也说不出来、\n见也没见过的颜色。\n一会儿，天空出现一匹马，\n马头向南，马尾向西。马是跪着的，\n像等人骑上它的背，它才站起来似的。\n过了两三秒钟，那匹马大起来了，\n腿伸开了，脖子也长了，尾巴却不见了。\n看的人正在寻找马尾巴，那匹马变模糊了。\n忽然又来了一条大狗。那条狗十分凶猛，\n在向前跑，后边似乎还跟着好几条小狗。\n跑着跑着，小狗不知哪里去了，\n大狗也不见了。\n接着又来了一头大狮子，\n跟庙门前的石头狮子一模一样，\n也那么大，也那么蹲着，\n很威武很镇静地蹲着。\n可是一转眼就变了，再也找不着了。\n一时恍恍惚惚的，天空里又像这个又像那个，\n其实什么也不像，什么也看不清了。\n必须低下头，揉一揉眼睛，沉静一会儿再看。\n可是天空偏偏不等待那些爱好它的孩子。\n一会儿工夫，火烧云下去了。');
INSERT INTO "articles" VALUES(148,'grade-3-vol-2','25 慢性子裁缝和急性子顾客','故事发生在冬天。\n顾客是个急性子。有一天，\n他抱着一卷布料来到裁缝店。\n“我想做件棉袄。”顾客说，\n“我已经跑了三家裁缝店了。\n他们都说要等到明年冬天才能取货。\n我可等不及。”\n“亲爱的顾客，您来得真巧。”\n裁缝说，“我正好是慢性子。\n我做的衣服，那是慢工出细活。\n您明年冬天来取，保准您满意。”\n“太好了！”顾客把布料放在桌子上，\n“那我明年冬天再来。”\n顾客走了。裁缝把布料收进柜子里，\n根本没打算动它。\n第二天，顾客又来了。\n“我不做棉袄了，”他说，\n“请您把它改成夹袄吧。”\n“没问题。”裁缝答应了。\n第三天，顾客又来了。\n“对不起，麻烦您把夹袄改成短袖衬衫吧。”\n“好的。”裁缝微笑着说。\n第四天，顾客又来了。\n“真对不起，”他挠挠头，\n“我还是想把它改成春装。”\n“没问题。”裁缝还是那样慢条斯理。\n又过了一天，顾客来了。\n“请问，我的衣服做好了吗？”\n“做好了。”裁缝拿出了一件春装。\n顾客惊讶地瞪大了眼睛：\n“您不是慢性子吗？怎么这么快就做好了？”\n“因为，”裁缝笑眯眯地说，\n“我知道您是个急性子。”\n“太感谢您了！”顾客拿着衣服，满意地走了。\n不过，裁缝最后还有一句话没说出来：\n“其实，我还没开始裁料呢。”');
INSERT INTO "articles" VALUES(149,'grade-3-vol-2','26 方帽子店','从前有一家帽子店，专卖方帽子。\n这家的方帽子，都是正方形的，\n像个方盒子。方帽子戴在圆圆的头上，\n当然不舒服。可是，\n人们还是戴着方帽子。\n有一天，店里来了一个孩子。\n他看着方帽子，说：“老板，\n你这帽子太方了，戴着很不舒服。\n为什么不做圆帽子呢？”\n老板听了，直摇头：“不行，不行！\n从来只有方帽子，哪有圆帽子？”\n孩子不服气：“为什么不能有圆帽子？\n我们的头是圆的，帽子也应该是圆的。”\n老板生气了：“去去去，小孩子懂什么！\n快走开！”孩子只好走了。\n后来，这个孩子长大了，\n成了一位出色的帽子设计师。\n他设计出了各种各样的圆帽子：\n有布做的，有草编的，\n有皮做的，还有毛线织的……\n人们戴上圆帽子，觉得舒服极了。\n大家都不买方帽子了。\n方帽子店的老板，看着堆积如山的方帽子，\n叹了口气：“唉，看来我也得改行做圆帽子了。”');
INSERT INTO "articles" VALUES(150,'grade-3-vol-2','27 漏','从前，有一户人家，一个老爷爷，\n一个老奶奶，还有一头小胖驴。\n山上住着一只老虎，山下住着一个贼。\n老虎想吃驴，贼想偷驴。\n一天晚上，下着蒙蒙小雨。\n老虎来了，贼也来了。\n老虎挖了个洞，钻进了驴圈。\n贼挖了个洞，也钻进了驴圈。\n驴圈里，老爷爷和老奶奶在说话。\n“老头子，你怕老虎吗？”\n“老虎有什么可怕的？”\n“那你怕贼吗？”\n“贼有什么可怕的？”\n“那你怕什么？”\n“我什么都不怕，就怕‘漏’！”\n老虎吓了一跳：“‘漏’是什么东西？\n比我还厉害？”贼也吓了一跳：\n“‘漏’是什么东西？比我还厉害？”\n忽然，哗啦一声，驴圈的屋顶塌了一块，\n正好砸在老虎背上。\n老虎以为“漏”来了，撒腿就跑。\n贼以为“漏”来了，也撒腿就跑。\n跑着跑着，雨停了。\n老虎和贼在树下碰到了，\n都以为对方是“漏”，吓得昏了过去。\n天亮了，屋顶修好了。\n老爷爷和老奶奶说：“这下不怕‘漏’了！”');
INSERT INTO "articles" VALUES(151,'grade-3-vol-2','28 枣核','古时候，在山脚下的一个村庄里，\n有一对夫妻。他们很想有一个孩子。\n后来，他们终于生了一个孩子，\n可是这孩子只有枣核那么大。\n夫妻俩给他起了个名字，叫“枣核”。\n枣核虽然小，但是很勤快，也很聪明。\n一年大旱，庄稼没收成，县官还要收租。\n枣核说：“别愁，我有办法。”\n到了晚上，枣核蹦到了县官的院子里。\n他钻进驴耳朵里，大声吆喝：\n“快把牲口牵走！”\n衙役们被闹得昏头转向。\n枣核趁机解开缰绳，把牲口赶回了村子。\n县官知道了，派人把枣核抓了起来。\n枣核在公堂上蹦来蹦去，\n县官怎么也抓不着他。\n最后，枣核蹦到了县官的胡子上，\n荡起了秋千。县官气急败坏，\n一拍惊堂木，胡子被扯下来好几根。\n枣核大摇大摆地走了。');
INSERT INTO "articles" VALUES(152,'grade-4-vol-1','1 观潮','钱塘江大潮，自古以来被称为天下奇观。\n农历八月十八是一年一度的观潮日。\n这一天早上，我们来到了海宁市的盐官镇，\n据说这里是观潮最好的地方。\n我们随着观潮的人群，登上了海塘大堤。\n宽阔的钱塘江横卧在眼前。\n江面很平静，越往东越宽，\n在雨后的阳光下，笼罩着一层蒙蒙的薄雾。\n镇海古塔、中山亭和观潮台屹立在江边。\n远处，几座小山在云雾中若隐若现。\n江潮还没有来，海塘大堤上早已人山人海。\n大家昂首东望，等着，盼着。\n午后一点左右，从远处传来隆隆的响声，\n好像闷雷滚动。顿时人声鼎沸，\n有人告诉我们，潮来了！\n我们踮着脚往东望去，江面还是风平浪静，\n看不出有什么变化。过了一会儿，\n响声越来越大，只见东边水天相接的地方\n出现了一条白线，人群又沸腾起来。\n那条白线很快地向我们移来，逐渐拉长，\n变粗，横贯江面。再近些，\n只见白浪翻滚，形成一堵两丈多高的水墙。\n浪潮越来越近，犹如千万匹白色战马\n齐头并进，浩浩荡荡地飞奔而来；\n那声音如同山崩地裂，好像大地都被震得颤动起来。\n霎时，潮头奔腾西去，可是余波还在\n漫天卷地般涌来，江面上依旧风号浪吼。\n过了好久，钱塘江才恢复了平静。\n看看堤下，江水已经涨了两丈来高了。');
INSERT INTO "articles" VALUES(153,'grade-4-vol-1','2 走月亮','秋天的夜晚，月亮升起来了，\n从洱海那边升起来了。\n是在洱海里淘洗过吗？月盘是那样明亮，\n月光是那样柔和，照亮了高高的点苍山，\n照亮了村头的大青树，也照亮了，\n照亮了村间的大道和小路……\n这时候，阿妈喜欢牵着我，\n在洒满月光的小路上走着。\n走着，走着……啊，我和阿妈走月亮！\n细细的溪水，流着山草和野花的香味，\n流着月光。灰白色的鹅卵石布满河床。\n哟，卵石间有多少可爱的小水塘啊，\n每个小水塘都抱着一个月亮！\n哦，阿妈，白天你在溪里洗衣裳，\n而我，用树叶做小船，\n运载许多新鲜的花瓣……\n哦，阿妈，我们到溪边去吧，\n去看看小水塘，看看水塘里的月亮，\n看看我采过野花的地方。\n村道已经修补过，坑坑洼洼的地方，\n已经填上碎石和新土。就要收庄稼了，\n收庄稼前，要把道路修一修，\n补一补，这是村里的风俗。\n秋虫唱着，夜鸟拍打着翅膀，\n鱼儿跃出水面，泼剌声里银光一闪……\n从果园那边飘来果子的甜香，\n是雪梨，是火把梨，还是紫葡萄？\n都有。在坡头上那片月光下的果园里，\n这些好吃的果子挂满枝头。\n沟水汩汩，很满意地响着。\n是啊，它旁边，是它浇灌过的稻田。\n哦，阿妈，这不就是我们家的地吗？\n春天，我们种的油菜开花了，\n我在田地里找兔草，我把蒲公英吹得飞啊飞……\n收了油菜，栽上水稻。\n看，稻谷就要成熟了，\n稻穗低垂着头，稻田像一块月光镀亮的银毯。\n哦，阿妈，我们到田埂上去吧，\n你不是说学校放假了，\n阿爸就要回来了吗？\n我们去看看我们种的稻谷，\n看看我们依然流着月光的水沟。\n有时，阿妈给我讲月亮的故事，\n讲古老的传说；有时，却什么也不讲，\n只是静静地走着，走着。\n走过月光闪闪的溪岸，走过石拱桥，\n走过月影团团的果园，走过庄稼地和菜地……\n啊，我和阿妈走月亮……');
INSERT INTO "articles" VALUES(154,'grade-4-vol-1','5 一个豆荚里的五粒豆','有一个豆荚，里面有五粒豌豆。\n它们都是绿的，因此它们认为\n整个世界都是绿的。事实也正是这样。\n豆荚在生长，豌豆也在生长。\n豌豆按照它们在家庭里的地位，\n坐成一排。太阳在外边照着，\n把豆荚晒得暖洋洋的；\n雨在外面下着，把豆荚冲得洗澡。\n这里既温暖，又舒适；\n白天明亮，夜间黑暗。\n豌豆坐在那儿越长越大，\n它们想，我们得做点儿事情啊。\n“难道我们永远就在这儿坐下去吗？”\n它们中的一个问，“老这样坐下去，\n我恐怕会变得僵硬起来。\n我仿佛觉得外面发生了一些事情——\n我有这种预感！”\n许多天过去了。豆荚变黄了，\n这几粒豌豆也变黄了。\n“整个世界都变黄啦！”它们说。\n忽然，它们觉得豆荚震动了一下。\n它被摘下来了，跟许多别的豆荚在一起，\n溜进了一个口袋里。\n“我们不久就要被打开了！”\n豌豆们说。于是它们就等待这件事情的到来。\n“我倒想要知道，我们之中谁会走得最远！”\n最小的一粒豆说，“是的，事情马上就要揭晓了。”\n啪！豆荚裂开来了。\n那五粒豌豆全都躺在一个孩子的手中。\n小男孩紧紧地捏着豌豆，\n说可以当作玩具枪的子弹。\n他马上把第一粒豌豆装进去，射了出去。\n“我现在飞向广大的世界里去了！”\n第一粒豌豆说，“如果你能捉住我，\n就请来吧！”于是它就不见了。\n“我，”第二粒说，“我将直接飞进太阳里去。\n这才像个样儿，而且与我的身份非常相称！”\n于是，它也飞走了。\n“我们到了哪儿，就在哪儿住下来。”\n其余的两粒说，“不过，\n我们还得向前滚。”在没有被装进\n玩具枪之前，它们在地上打滚。\n但最终都被装进枪里射走了。\n“该我了！”最后的那一粒说。\n它被射到空中，落到顶楼窗子下面\n的一块旧板子上，正好钻进\n一个长满了青苔的裂缝里。\n青苔把它裹起来，它躺在那儿没有出声。\n在这个小小的顶楼里住着一个穷苦的女人。\n她有一个独生女儿，身体非常虚弱，\n躺在床上，整年都在生病。\n“天亮了，”母亲说，“你先吃点东西吧。”\n“妈妈，你看窗台上那是什么？”\n女孩惊奇地问，“有绿色的东西\n在风中摆动！”母亲打开窗户。\n“啊！”她说，“我的天，\n原来是一粒小豌豆在这里生了根，\n还长出小叶子来了。它是怎么钻进这个缝隙里去的？\n你现在有一个小花园了！”\n母亲把小女孩的床搬得更靠近窗子，\n好让她看到这粒正在生长着的豌豆。\n“妈妈，我觉得我好了一些！”\n晚上，这个小女孩说，“太阳今天\n在我身上照得怪暖和的。\n这粒豌豆长得好极了，我也会好起来的。”\n虽然母亲不相信，但她还是仔细地\n用一根小棍子把这植物支起来，\n好使它不至于被风吹断。\n她还用一根绳子把它系在窗框上。\n没过多久，豌豆竟然开花了。\n这时候，母亲才开始相信，\n她的孩子会好起来。她轻轻地\n吻了吻孩子的脸颊。小女孩望着\n豌豆花，快乐地微笑着。');
INSERT INTO "articles" VALUES(155,'grade-4-vol-1','6 夜间飞行的秘密','为了弄清楚这个问题，一百多年前，\n科学家做了一次试验。\n在一间屋子里横七竖八地拉了许多绳子，\n绳子上系着许多铃铛。\n他们把蝙蝠的眼睛蒙上，让它在屋子里飞。\n蝙蝠飞了几个钟头，铃铛一个也没响，\n那么多的绳子，它一根也没碰着。\n科学家又做了两次试验：\n一次把蝙蝠的耳朵塞上，\n一次把蝙蝠的嘴封住，\n让它在屋子里飞。蝙蝠就像没头苍蝇似的\n到处乱撞，挂在绳子上的铃铛响个不停。\n三次不同的试验证明，蝙蝠夜里飞行，\n靠的不是眼睛，而是用嘴和耳朵配合起来探路的。\n科学家经过反复研究，终于揭开了\n蝙蝠能在夜里飞行的秘密。\n它一边飞，一边从嘴里发出\n一种声音。这种声音叫做超声波，\n人的耳朵是听不见的，蝙蝠的耳朵却能听见。\n超声波像波浪一样向前推进，\n遇到障碍物就反射回来，\n传到蝙蝠的耳朵里，蝙蝠就立刻改变飞行的方向。\n科学家模仿蝙蝠探路的方法，\n给飞机装上了雷达。雷达通过天线\n发出无线电波，无线电波遇到障碍物\n就反射回来，被雷达接收到，\n显示在荧光屏上。从雷达的荧光屏上，\n驾驶员能够清楚地看到前方有没有障碍物，\n所以飞机飞行就更安全了。');
INSERT INTO "articles" VALUES(156,'grade-4-vol-1','10 爬山虎的脚','学校操场北边墙上满是爬山虎。\n我家也有爬山虎，从小院的西墙爬上去，\n在房顶上占了一大片地方。\n爬山虎刚长出来的叶子是嫩红的，\n不几天叶子长大，就变成嫩绿的。\n爬山虎的嫩叶，不大引人注意，\n引人注意的是长大了的叶子。\n那些叶子绿得那么新鲜，看着非常舒服。\n叶尖一顺儿朝下，在墙上铺得那么均匀，\n没有重叠起来的，也不留一点儿空隙。\n一阵风拂过，一墙的叶子就漾起波纹，好看得很。\n以前，我只知道这种植物叫爬山虎，\n可不知道它怎么能爬。今年，\n我注意了，原来爬山虎是有脚的。\n爬山虎的脚长在茎上。\n茎上长叶柄的地方，反面伸出\n枝状的六七根细丝，每根细丝像蜗牛的触角。\n细丝跟新叶子一样，也是嫩红的。\n这就是爬山虎的脚。\n爬山虎的脚触着墙的时候，\n六七根细丝的头上就变成小圆片，\n巴住墙。细丝原先是直的，\n现在弯曲了，把爬山虎的嫩茎拉一把，\n使它紧贴在墙上。爬山虎就是这样一脚一脚地往上爬。\n如果你仔细看那些细小的脚，\n你会想起图画上蛟龙的爪子。\n爬山虎的脚要是没触着墙，\n不几天就萎了，后来连痕迹也没有了。\n触着墙的，细丝和小圆片逐渐变成灰色。\n不要瞧不起那些灰色的脚，\n那些脚巴在墙上相当牢固，\n要是你的手指不费一点儿劲，\n休想拉下爬山虎的一根茎。');
INSERT INTO "articles" VALUES(157,'grade-4-vol-1','12 盘古开天地','很久很久以前，天和地还没有分开，\n宇宙混沌一片，像个大鸡蛋。\n有个叫盘古的巨人，在混沌之中睡了一万八千年。\n有一天，盘古醒来了。\n他见周围一片漆黑，就抡起大斧头，\n朝眼前的黑暗猛劈过去。\n只听一声巨响，混沌一片的东西渐渐分开了。\n轻而清的东西，缓缓上升，变成了天；\n重而浊的东西，慢慢下沉，变成了地。\n天和地分开后，盘古怕它们还会合在一起，\n就头顶天，脚踏地，站在天地当中，\n随着它们的变化而变化。\n天每天升高一丈，地每天加厚一丈，\n盘古的身体也跟着长高。\n这样过了一万八千年，天升得高极了，\n地变得厚极了。盘古这个巍峨的巨人\n就像一根柱子，撑在天和地之间，\n不让它们重新合拢。又不知过了多少年，\n天和地终于成形了，盘古也精疲力竭，\n累得倒下了。\n他呼出的气息变成了四季的风和飘动的云；\n他发出的声音化作了隆隆的雷声。\n他的左眼变成了太阳，照耀大地，\n他的右眼变成了月亮，给夜晚带来光明；\n他的四肢和躯干变成了大地的四极和五名山；\n他的血液变成了奔流不息的江河；\n他的汗毛变成了茂盛的花草树木；\n他的汗水变成了滋润万物的雨露……\n伟大的巨人盘古，用他的整个身体\n创造了美丽的世界。');
INSERT INTO "articles" VALUES(158,'grade-4-vol-1','13 精卫填海','炎帝之少女，名曰女娃。\n女娃游于东海，溺而不返，\n故为精卫，常衔西山之木石，\n以堙于东海。');
INSERT INTO "articles" VALUES(159,'grade-4-vol-1','16 麻雀','我打猎回来，走在林荫路上。\n猎狗跑在我的前面。\n突然，我的猎狗放慢脚步，\n悄悄地向前走，好像嗅到了前面有什么野物。\n风猛烈地摇撼着路旁的白桦树。\n我顺着林荫路望去，看见一只\n小麻雀呆呆地站在地上，无可奈何地拍打着小翅膀。\n它嘴角嫩黄，头上长着绒毛，\n分明是刚出生不久，从巢里掉下来的。\n猎狗慢慢地走近小麻雀，嗅了嗅，\n张开大嘴，露出锋利的牙齿。\n突然，一只老麻雀从一棵树上飞下来，\n像一块石头似的落在猎狗面前。\n它挓挲起全身的羽毛，绝望地尖叫着。\n老麻雀用自己的身躯掩护着小麻雀，\n想拯救自己的幼儿。可是因为紧张，\n它浑身发抖，发出嘶哑的声音，\n准备着一场搏斗。\n在它看来，猎狗是个多么庞大的怪物啊！\n可是它不能安然地站在高高的没有危险的树枝上，\n一种强大的力量使它飞了下来。\n猎狗愣住了，它可能没料到老麻雀会有这么大的勇气，\n慢慢地，慢慢地向后退。\n我急忙唤回我的猎狗，带着它走开了。');
INSERT INTO "articles" VALUES(160,'grade-4-vol-1','18 牛和鹅','大家都说：牛的眼睛看人，\n觉得人比牛大，所以牛是怕人的；\n鹅的眼睛看人，觉得人比鹅小，\n所以鹅不怕人。我们都很相信这句话。\n所以我们看到牛，一点儿不害怕，\n敢用手拍它的背，摸它的肚子，\n甚至敢用树枝去触它的屁股呢！\n有的孩子还敢扳牛角，叫它跪下来，\n然后骑到牛背上去。我那时虽然不敢这样，\n可是用拳头捶捶牛背还是敢的。\n我们看到鹅，那就完全两样了：\n总是远远地站在安全的地方，\n才敢看它。要是在窄路上，\n正是它昂头挺胸、大摇大摆的时候，\n我们只好贴着墙壁，悄悄地走过去。\n有时候，它见我们走了过来，\n就“嘎嘎”地叫着，扑打着大翅膀，\n好像在说：“赶快走开，要不我就咬你一口！”\n有一次，我们放学回家，走过池塘边，\n看见有四只大白鹅在靠近岸边的水里游。\n我们马上都不说话了，贴着墙壁，\n悄悄地走过去。我的心里很害怕，\n怕它们看见了会追过来。\n这时，有一个顽皮的孩子故意要引它们来，\n就吁哩哩哩地叫了一声。\n鹅听见了，就竖起头来，侧着眼睛看了看，\n竟爬到岸上，一摇一摆地、神气地\n朝我们走过来；还伸长脖子，\n嘎嘎地叫着，扑打着大翅膀，\n向我们直抢过来。孩子们惊呼起来，\n急急逃跑，鹅追得更快了。\n我吓得腿也软了，更跑不快。\n这时，带头的那只老雄鹅就啪嗒啪嗒地\n跑了过来，嘎嘎，它赶上了我，\n嘎嘎，它张开嘴，一口就咬住了\n我当胸的衣襟，拉住我不放。\n在忙乱中，我的书包掉了，鞋子也弄脱了。\n我想，它一定要把我咬死了。\n我就又哭又叫，可是叫些什么，\n当时自己也不知道，大概是这样叫吧：\n“鹅要吃我了！鹅要咬死我了！”\n也许是我的哭叫更惹怒了这只老雄鹅。\n它用全身的力量来拖我，\n啄我，并且扇动翅膀来扑打我。\n我几乎被它拖倒了——因为当时我还很小，\n只不过跟它一样高呢！\n况且，其他几只鹅在后面也嘎嘎地叫着助威。\n这时，金奎叔从荷塘里走上来。\n他一把握住了鹅的长脖子。\n鹅用脚爪划他，用翅膀扑打他，\n可是金奎叔的力气是那么大，\n他轻轻地把鹅提了起来，然后\n就像摔一个酒瓶似的，呼的一下，\n把这只老公鹅甩到了半空中。\n它张开翅膀，啪啪啪地落到了池塘中。\n这一下，别的鹅也怕了，\n纷纷张开翅膀，跳进池塘里，\n向远处游去。\n金奎叔帮我穿上鞋，拾起书包，\n用大手摸摸我的头，说：\n“鹅有什么可怕的！看把你吓成这样。”\n我说：“因为鹅把我们看得比它小哇！”\n金奎叔说：“让它这样看好了！\n可是，它虽然把我们看得比它小，\n可我们实在比它强呀！”\n我听了金奎叔的话，今天回家的时候，\n不免向鹅挑战：大鹅在后面嘎嘎地叫着，\n我故意慢腾腾地走，看着它。\n它对我大叫，我也冲它大叫。\n它果然没敢再咬我。\n看到牛，我也不再无缘无故欺负它了，\n我觉得它虽然把我们看得比它大，\n可我们平白地去欺负它干吗？\n直到现在，我还记着金奎叔的话。');
INSERT INTO "articles" VALUES(161,'grade-4-vol-1','21 古诗三首','出塞 [唐]王昌龄\n秦时明月汉时关，万里长征人未还。\n但使龙城飞将在，不教胡马度阴山。\n凉州词 [唐]王翰\n葡萄美酒夜光杯，欲饮琵琶马上催。\n醉卧沙场君莫笑，古来征战几人回？\n夏日绝句 [宋]李清照\n生当作人杰，死亦为鬼雄。\n至今思项羽，不肯过江东。');
INSERT INTO "articles" VALUES(162,'grade-4-vol-1','22 为中华之崛起而读书','12岁那年，周恩来离开家乡，\n来到了东北。当时的东北，\n是帝国主义列强在华争夺的焦点。\n他在沈阳下了车，前来接他的伯父\n指着一片繁华、热闹的地方，\n对他说：“没事可不要到那个地方去玩啊！”\n“为什么？”周恩来不解地问。\n“那是外国人的租界地，\n惹出麻烦来可就糟了，没处说理去！”\n“那又是为什么呢？”周恩来打破砂锅问到底。\n“为什么？中华不振啊！”伯父叹了口气，\n没有再说什么。\n12岁的周恩来当然听不懂\n伯父的话，但是“中华不振”四个字，\n让他疑惑不解：沈阳是大城市，\n怎么成了外国人的地盘？\n为什么中国人不能去那儿玩？\n一个星期天，周恩来背着伯父，\n约了一个同学闯进了租界。\n嘿！这一带果真和别处大不相同：\n街道上热闹非凡，往来的大多是外国人。\n周恩来和同学一路上左顾右盼，\n忽然发现巡警局门前围着一群人，\n正大声吵嚷着什么。他们急忙奔了过去，\n只见人群中有个衣衫褴褛的妇女正在哭诉，\n一个洋人得意扬扬地站在一旁。\n一问才知道，这个妇女的亲人被洋人的汽车轧死了，\n她原指望中国的巡警局能给她撑腰，\n惩处这个洋人，谁知中国巡警不但\n不惩处肇事的洋人，反而训斥她。\n围观的中国人都紧握着拳头，\n但这是在外国人的地盘里，谁又敢怎么样呢？\n大家只能劝慰这个不幸的妇女。\n此时的周恩来才真正体会到\n“中华不振”这四个字的沉重分量。\n怎么把祖国和人民从苦难和屈辱中拯救出来呢？\n这个问题像一团火，一直燃烧在周恩来心中。\n后来，周恩来在沈阳东关模范学校读书。\n有一次，魏校长问同学们：\n“你们为什么而读书？”\n“为家父而读书。”\n“为明理而读书。”\n“为光耀门楣而读书。”\n同学们踊跃回答。校长听了，\n不住地摇头。他问周恩来，\n周恩来站了起来，清晰而坚定地回答：\n“为中华之崛起而读书！”\n魏校长听了为之一振！\n他怎么也没想到，一个十二三岁的孩子，\n竟有如此的抱负和胸怀！\n他睁大眼睛又追问了一句：\n“你再说一遍，为什么而读书？”\n“为中华之崛起而读书！”\n周恩来铿锵有力的话语，\n博得了魏校长的喝彩：\n“好哇！为中华之崛起！\n有志者当效此生！”\n是的，少年周恩来在那时就已经\n认识到，中国人要想不受帝国主义欺凌，\n就要振兴中华。读书，\n不光为了自己，为了个人，\n更是为了国家，为中华之崛起！');
INSERT INTO "articles" VALUES(163,'grade-4-vol-1','25 王戎不取道旁李','王戎七岁，尝与诸小儿游。\n看道边李树多子折枝，\n诸儿竞走取之，唯戎不动。\n人问之，答曰：“树在道边而多子，\n此必苦李。”取之，信然。');
INSERT INTO "articles" VALUES(164,'grade-4-vol-1','26 西门豹治邺','战国时期，魏王派西门豹去管理邺这个地方。\n西门豹到了那个地方，看到田地荒芜，\n人烟稀少，就找了位老大爷来，\n问他是怎么回事。\n老大爷说：“都是河神娶媳妇给闹的。\n河神是漳河的神，每年要娶一个媳妇。\n给河神娶媳妇，就要出钱。\n官绅们就挨家挨户收钱，\n收来的钱，他们办喜事花一小部分，\n剩下的都分了。到了河神娶媳妇的日子，\n他们把那个姑娘打扮好，\n让她坐在苇席上，顺着水漂去。\n苇席一开始还在水上漂，\n后来就沉下去了。河神把媳妇娶走了。\n有女孩的人家，为了不让孩子被扔到河里，\n都逃到外地去了。所以这里的人口\n越来越少，地方也越来越穷。”\n西门豹问：“那么漳河发过大水没有呢？”\n老大爷说：“没有发过。\n倒是夏天雨水少，年年闹旱灾。”\n西门豹说：“这样说来，\n河神还真灵啊。下一回他娶媳妇，\n请告诉我一声，我也去送送新娘。”\n到了河神娶媳妇的日子，\n漳河边上站满了老百姓。\n西门豹带着卫士，真的来了。\n巫婆和官绅急忙迎接。\n那巫婆已经七十多岁了，\n背后跟着十来个穿着绸褂的女徒弟。\n西门豹说：“把新娘领来让我看看。”\n巫婆叫徒弟把那个打扮好的姑娘领了来。\n西门豹一看，女孩满脸泪水。\n他回过头来对巫婆说：“不行，\n这个姑娘不漂亮，河神不会满意的。\n麻烦你去跟河神说一声，\n说我要选个漂亮的，过几天就送去。”\n说完，他叫卫士架起巫婆，\n把她投进了漳河。\n巫婆在河里扑腾了几下就沉下去了。\n等了一会儿，西门豹对官绅的头子说：\n“巫婆怎么还不回来，麻烦你去催一催吧。”\n说完，又叫卫士把官绅的头子投进了漳河。\n又等了一会儿，西门豹说：\n“怎么还不回来，请你们去催催吧！”\n说着又要叫卫士把他们扔下漳河去。\n这些官绅一个个吓得面如土色，\n跪下来磕头求饶，把头都磕破了，直淌血。\n西门豹说：“好吧，再等一会儿。”\n过了一会儿，他才说：“起来吧。\n看样子是河神把他们留下了。\n你们都回去吧。”\n老百姓都明白了，巫婆和官绅都是骗钱害人的。\n从此，谁也不敢再提给河神娶媳妇，\n漳河也没有发大水。\n西门豹发动老百姓开凿了十二条渠道，\n把漳河的水引到田里。庄稼得到灌溉，\n年年都获得好收成。');
INSERT INTO "articles" VALUES(165,'grade-4-vol-1','3 现代诗二首','秋晚的江上：归巢的鸟儿，\n尽管是倦了，还驮着斜阳回去。\n双翅一翻，把斜阳掉在江上；\n头白的芦苇，也妆成一瞬的红颜了。\n花牛歌：花牛在草地里坐，\n压扁了一棵剪秋罗。\n花牛在草地里眠，\n白云霸占了半个天。\n花牛在草地里走，\n小尾巴甩得滴溜溜。\n花牛在草地里做梦，\n太阳偷渡了西山的青峰。');
INSERT INTO "articles" VALUES(166,'grade-4-vol-1','4 繁星','我爱月夜，但我也爱星天。\n从前在家乡七八月的夜晚，\n在庭院里纳凉的时候，我最爱看天上\n密密麻麻的星星。\n三年前在南京我住的地方，\n有一道后门，每晚我打开后门，\n便看见一个静寂的夜。\n下面是一片菜园，上面是星群密布的蓝天。\n星光在我们的肉眼里虽然微小，\n然而它使我们觉得光明无处不在。\n这时候我忘记了一切。\n在星的怀抱中我微笑着，我沉睡着。\n我觉得自己是一个小孩子，\n现在睡在母亲的怀里了。\n如今在海上，每晚和繁星相对，\n我把它们认得很熟了。\n我躺在舱面上，仰望天空。\n深蓝色的天空里，悬着无数半明半昧的星。\n船在动，星也在动，它们是这样低，\n真是摇摇欲坠呢！\n渐渐地我的眼睛模糊了，\n我好像看见无数萤火虫在我的周围飞舞。\n海上的夜是柔和的，是静寂的，\n是梦幻的。我望着那许多认识的星，\n我仿佛看见它们在对我眨眼，\n我仿佛听见它们在小声说话。\n在星的怀抱中我微笑着，我沉睡着。\n我觉得自己是一个小孩子，\n现在睡在母亲的怀里了。');
INSERT INTO "articles" VALUES(167,'grade-4-vol-1','7 呼风唤雨的世纪','20世纪是一个呼风唤雨的世纪。\n是谁来呼风唤雨呢？当然是人类。\n靠什么呼风唤雨呢？靠的是现代科学技术。\n在20世纪100年的时间里，\n人类利用现代科学技术获得那么多奇迹般的、\n出乎意料的发现和发明。\n正是这些发现和发明，使人类的生活大大改观，\n其改变的程度超过了人类历史上百万年的总和。\n人类在上百万年的历史中，\n一直生活在一个依赖自然的农耕社会。\n那时没有电灯，没有电视，\n没有收音机，也没有汽车。\n人们只能在神话中用“千里眼”“顺风耳”\n和腾云驾雾的神仙，来寄托自己的美好愿望。\n我们的祖先大概谁也没有料到，\n在最近的一百年中，他们的那么多幻想纷纷变成了现实。\n20世纪的成就，真可以用\n“忽如一夜春风来，千树万树梨花开”来形容。\n20世纪，人类登上月球，潜入深海，\n洞察百亿光年外的天体，探索原子核世界的奥秘；\n20世纪，电视、程控电话、因特网\n以及民航飞机、高速火车、远洋船舶等，\n日益把人类居住的星球变成联系紧密的“地球村”。\n人类生活的舒适和方便，\n是连过去的王公贵族也不敢想的。\n科学在改变着人类的精神文化生活，\n也在改变着人类的物质生活。\n1923年，英国数学家、哲学家伯特兰·罗素说：\n“归根到底，是科学使得我们这个时代\n不同于以往的任何时代。”\n八十多年后，这段话依然适用。\n回顾20世纪的百年历程，\n科学的确是在创造着一个又一个神话，\n科学正在为人类创造着比以往\n任何时代都要美好的生活。\n在新的世纪里，现代科学技术\n必将继续创造一个个奇迹，不断改善我们的生活。');
INSERT INTO "articles" VALUES(168,'grade-4-vol-1','8 蝴蝶的家','我常想，下大雨的时候，\n青鸟、麻雀这些鸟都要躲避起来，\n蝴蝶怎么办呢？天是那样的低沉，\n云是那样的黑，雷、电、雨、风，\n吼叫着，震撼着，雨点密集地喧嚷着，\n风将银色的雨幕斜挂起来，\n世界几乎都被冲洗遍了，\n就连树林里也黑压压的、水淋淋的，\n到处都是湿的。这不是难为蝴蝶吗？\n我一想起来就为蝴蝶着急，\n这样的天气它们能躲在哪里呢？\n它们的身体是那样轻盈，载不动一个水点；\n它们身上的彩粉是那样斑斓，\n一点儿水都不能沾；它们是那样柔弱，\n比一片树叶还无力，怎么禁得起\n这猛烈的风雨呢？想到这里，\n我简直没法再想下去了，心里是那样着急。\n但是，一位小朋友非常确定地说：\n“它们和我们一样，肯定有家。\n下雨的时候，它们就会急忙飞回家里去哩！”\n不过它们的家在哪里呢？\n人们的屋宇里从没有见过有蝴蝶来避雨。\n麦田里呢？也不能避雨。\n树林里呢？到处是水珠滚坠。\n园里的花朵是它们的家吗？\n花朵自己已经被雨点打得抖个不停了，\n怎能容它们藏身呢？就连老树干的底面，\n也是顺下水来，湿漉漉的。\n蝴蝶的家到底在哪里呢？\n我真为蝴蝶着急了。\n它们的家会不会是在桥下面呢？\n这也未可知，但是有一点可以确定：\n这里从没见过有蝴蝶落到石头上的呀！\n那它们会不会是藏在树叶下面？\n这倒有些说得过去，但我也从没见过\n蝴蝶在树叶下面避雨呀，而且树叶也\n经常被风吹得翻转不定，被雨冲刷得透湿，\n也不像是蝴蝶的家呀！\n我真为蝴蝶着急了。\n一个女孩对我说：“雨后，\n蝴蝶就会重新出来，在阳光里飞。\n它们是那么高兴，那么鲜艳。\n我想，它们一定是藏在一个秘密的家里。\n它们的家一定美丽而香甜，\n不像家雀儿似的，一下雨就飞到\n人们的屋檐下避雨。一定是这样的。”\n她的话说得倒是不错，\n但我却从来没有见到过下雨时\n蝴蝶藏身的地方。谁要是能说给我听，\n我就不着急了。');
INSERT INTO "articles" VALUES(169,'grade-4-vol-1','9 古诗三首','暮江吟 [唐]白居易\n一道残阳铺水中，半江瑟瑟半江红。\n可怜九月初三夜，露似真珠月似弓。\n题西林壁 [宋]苏轼\n横看成岭侧成峰，远近高低各不同。\n不识庐山真面目，只缘身在此山中。\n雪梅 [宋]卢钺\n梅雪争春未肯降，骚人阁笔费评章。\n梅须逊雪三分白，雪却输梅一段香。');
INSERT INTO "articles" VALUES(170,'grade-4-vol-1','11 蟋蟀的住宅','居住在草地上的蟋蟀，\n差不多和蝉一样有名。\n它的出名不光由于它的唱歌，\n还由于它的住宅。\n别的昆虫大多在临时的隐蔽所藏身。\n它们的隐蔽所得来不费功夫，\n弃去毫不可惜。蟋蟀和它们不同，\n不肯随遇而安。它常常慎重地选择住址，\n一定要排水优良，并且有温和的阳光。\n它不利用现成的洞穴，\n它的舒服的住宅是自己一点儿一点儿挖掘的，\n从大厅一直到卧室。\n蟋蟀怎么会有建筑住宅的才能呢？\n它有特别好的工具吗？没有。\n蟋蟀并不是挖掘技术的专家，\n它的工具是那样柔弱，所以人们\n对它的劳动成果感到惊奇。\n在儿童时代，我到草地上去捉蟋蟀，\n把它们养在笼子里，用菜叶喂它们。\n现在为了研究蟋蟀，我又搜索起它们的巢穴来。\n在朝着阳光的斜坡上，\n青草丛中隐藏着一条倾斜的隧道，\n即使有骤雨，这里也立刻就会干的。\n隧道顺着地势弯弯曲曲，\n最多九寸深，一指宽，这便是蟋蟀的住宅。\n出口的地方总有一丛草半掩着，\n就像一座门。蟋蟀出来吃周围的嫩草，\n决不去碰这一丛草。那微斜的门口，\n经过仔细耙扫，收拾得很平坦。\n这就是蟋蟀的平台。当四周很安静的时候，\n蟋蟀就在这平台上弹琴。\n屋子的内部没什么布置，\n但是墙壁很光滑。主人有的是时间，\n把粗糙的地方修理平整。大体上讲，\n住所是很简朴的，清洁、干燥，很卫生。\n假使我们想到蟋蟀用来挖掘的工具\n是那样简单，这座住宅真可以算是伟大的工程了。\n蟋蟀盖房子大多是在十月，\n秋天初寒的时候。它用前足扒土，\n还用钳子似的大颚搬掉较大的土块。\n它用强有力的后足踏地。\n后腿上有两排锯，用它们将泥土推到后面，\n倾斜地铺开。\n工作做得很快。蟋蟀钻到土底下干活，\n如果感到疲劳，它就在未完工的家门口\n休息一会儿，头朝着外面，\n触须轻微地摆动。不大一会儿，\n它又进去继续工作。我一连看了两个钟头，\n看得有些不耐烦了。\n住宅的重要部分快完成了。\n洞已经挖了有两寸深，够宽敞的了。\n余下的是长时间的整修，\n今天做一点儿，明天做一点儿。\n这个洞可以随天气的变冷和它身体的增长\n而加深加阔。即使在冬天，\n只要天气温和，太阳晒到它住宅的门口，\n还可以看见蟋蟀从里面不断地抛出泥土来。');
INSERT INTO "articles" VALUES(171,'grade-4-vol-1','14 普罗米修斯','很久很久以前，地面上没有火，\n人们只好吃生的东西，\n在无边的黑暗中度过一个又一个长夜。\n就在这时候，有一位名叫普罗米修斯的天神\n来到了人间，看到人类没有火的悲惨情景，\n决心冒着生命危险，到太阳神阿波罗\n那里去拿取火种。\n有一天，当阿波罗驾着太阳车\n从天空中驰过的时候，\n普罗米修斯跑到太阳车那里，\n从喷射着火焰的车轮上，\n拿取了一颗火星，带到人间。\n自从有了火，人类就开始用它烧熟食物，\n驱寒取暖，并用火来驱赶危害人类的野兽。\n众神的领袖宙斯得知普罗米修斯从天上\n拿走火种的消息，气急败坏，\n决定给普罗米修斯以最严厉的惩罚，\n吩咐火神立即执行。\n火神很敬佩普罗米修斯，\n悄悄对他说：“只要你向宙斯承认错误，\n归还火种，我一定请求他饶恕你。”\n普罗米修斯摇摇头，坚定地回答：\n“为人类造福，有什么错？\n我可以忍受各种痛苦，\n但决不会承认错误，更不会归还火种！”\n火神不敢违抗宙斯的命令，\n只好把普罗米修斯押到高加索山上。\n普罗米修斯的双手和双脚戴着铁环，\n被死死地锁在高高的悬崖上。\n他既不能动弹，也不能睡觉，\n日夜遭受着风吹雨淋的痛苦。\n尽管如此，普罗米修斯就是不向宙斯屈服。\n狠心的宙斯又派了一只凶恶的鹫鹰，\n每天站在普罗米修斯的双膝上，\n用它尖利的嘴巴，啄食他的肝脏。\n白天，他的肝脏被吃光了，\n可是一到晚上，肝脏又重新长了起来。\n这样，普罗米修斯所承受的痛苦，永远没有尽头了。\n许多年来，普罗米修斯一直被锁在\n那个可怕的悬崖上。\n有一天，著名的大力神赫拉克勒斯\n经过高加索山。他看到普罗米修斯\n被锁在悬崖上，心中愤愤不平，\n便挽弓搭箭，射死了那只鹫鹰，\n接着又用石头砸碎了锁链。\n普罗米修斯——这位敢于从天上拿取火种的英雄，\n终于获得了自由。');
INSERT INTO "articles" VALUES(172,'grade-4-vol-1','15 女娲补天','自从女娲创造了人，\n大地上到处是欢歌笑语，\n人们一直过着快乐幸福的生活。\n不知过了多少年，一天夜里，\n女娲突然被一阵轰隆隆的巨大响声震醒了，\n她急忙起来，跑到外面一看，\n天哪，太可怕了！远远的天空塌下一大块，\n露出一个黑黑的大窟窿！\n地被震裂了，出现了一道道深沟。\n山冈上燃烧着熊熊大火，\n田野里到处是洪水。许多人被火围困在山顶上，\n还有许多人在水里挣扎。\n女娲难过极了。她立刻去找雨神，\n求他下一场雨，把天火熄灭。\n又造了船，好救出挣扎在洪水中的人们。\n不久，天火熄灭了，洪水中的人们被救上来了。\n可是，天上的大窟窿还在喷火。\n女娲决定冒着生命危险把天补上。\n她跑到山上，去寻找补天用的五彩石，\n她原以为这种石头很多，用不着费多大力气。\n结果到山上一看，全是一些零零星星的碎块。\n她忙了几天几夜，找到了红、黄、蓝、白四种颜色的石头，\n还缺少一种纯青石。于是，她又找哇找哇，\n终于在一眼清清的泉水中找到了。\n五彩石找齐了，女娲在地上挖个圆坑，\n把五彩石放在里面，用神火进行冶炼。\n炼了五天五夜，五彩石化成了很稠的液体。\n女娲把它装在一个大盆里，端到天边，\n对准那个大黑窟窿，往上一泼，\n只见金光四射，大窟窿立刻被补好了。\n现在，人们常常看见天边五彩的云霞，\n传说那就是女娲补天的地方。');
INSERT INTO "articles" VALUES(173,'grade-4-vol-1','17 爬天都峰','假日里，爸爸带我去黄山，爬天都峰。\n我站在天都峰脚下抬头望：\n啊，峰顶这么高，在云彩上面哩！\n我爬得上去吗？再看看笔陡的石级，\n石级边上的铁链，似乎是从天上挂下来的，\n真叫人发颤！\n忽然听到背后有人叫我：\n“小朋友，你也来爬天都峰？”\n我回头一看，是一位白发苍苍的老爷爷，\n年纪比我爷爷还大哩！我点点头，\n仰起脸，问：“老爷爷，您也来爬天都峰？”\n老爷爷也点点头，说：\n“对，咱们一起爬吧！”\n我奋力向峰顶爬去，一会儿攀着铁链上，\n一会儿手脚并用向上爬，\n像小猴子一样……\n爬呀爬，我和老爷爷，还有爸爸，\n终于都爬上了天都峰顶。\n在鲫鱼背前，爸爸给我和老爷爷照了一张相，\n留作纪念。老爷爷拉拉我的小辫子，\n笑呵呵地说：“谢谢你啦，小朋友。\n要不是你的勇气鼓舞我，\n我还下不了决心哩！现在居然爬上来了！”\n“不，老爷爷，我是看您也要爬天都峰，\n才有勇气向上爬的！我应该谢谢您！”\n爸爸听了，笑着说：“你们这一老一小真有意思，\n都会从别人身上汲取力量！”');
INSERT INTO "articles" VALUES(174,'grade-4-vol-1','19 一只窝囊的大老虎','我念的那所小学每星期六下午全校开周会，\n会上总有文艺表演。由十二个班级轮流演出，\n每个学期，一个班级至多轮到两次。\n我没在台上露过面，因为逢到我们班表演，\n班主任老师总把我给忘了，\n角色都派给了班上最机灵的几个小朋友。\n这回可不一样，班主任说：“林海音，\n你来扮老虎。”我真没想到。\n我问老师：“是真老虎吗？”\n“当然是，难道是猫吗？”老师说。\n“我不会豁虎跳。”我小声说。\n“不要紧，不让你豁虎跳。”老师说，\n“你把虎皮和头罩套起来，\n到时候，你从后台爬出来，\n乱叫几声‘wowo’，再站起来，\n在台上转几个圈儿，扑打扑打大腿，\n然后倒在地上装死，你的戏就完了。”\n“记住了！”我连忙答应。\n我有充分的自信。\n“现在开始排练。你把虎皮和头罩套起来。”\n头罩是个纸糊的老虎头：\n黄底子上也画着黑道道，\n额角正中还有个“王”字。\n套在头上，霉糨糊味儿直冲脑门。\n亏得眼睛那儿挖了两个小窟窿，\n要不就什么也看不见了。\n我就弯下身子向前爬，老师在一旁不断地提示：\n“向前爬，再向前爬，快站起来，\n你没看见他们吗？向他们扑过去！\n唉，你怎么不叫哇？嗓门要大。\n别趴在地上，对，就这样，\n乱动，乱动，把头乱摇一气。”\n一个小朋友在旁边说：“他这哪儿像老虎，\n就像一只大猫。”\n“不要紧，到时候头套一戴，谁知道是谁呢！”\n老师说。那个小朋友撇了撇嘴。\n终于到了星期六，到了下午，\n到了我们班演出的那个时刻。\n我穿上老虎皮，套上老虎头，\n紧张地等候在后台的上场口。\n忽然背后有人轻轻推了我一把。\n我知道推我的是老师，立刻弯下身子爬上场去，\n嘴里哇哇乱叫。台下一阵哄堂大笑。\n笑声里，我站了起来，\n不知道手脚往哪儿放好，我的样子一定很难看。\n实实在在是一只窝囊的大老虎。\n我没豁虎跳，只是胡乱地扭动着身子，\n还把头乱摇一气，直到“猎人”上场，\n对我开了一枪，我才怪叫一声，\n扑通倒在地上。我又听见台下一阵哄堂大笑。\n我倒在地上，透过头罩的小窟窿向外张望。\n我看见老师捂着脸，不知是哭还是笑。\n演哥哥的小朋友得意地向台下敬礼。\n只有我，还在地板上躺着。\n散场了。我摘下头罩，满头是汗。\n一个小朋友对我说：“你演得太窝囊了，\n连豁虎跳也不会，只会在地上爬。”\n另一个小朋友说：“是啊，\n连叫也不会叫，还是大老虎呢。”\n我没回答，只是把头罩和虎皮交给老师。\n老师摸摸我的头，说：“没关系，\n你演得很好，只是……”\n她没往下说，我也没问。\n后来呢？后来我上动物园总要去看看老虎，\n想看看老虎是怎么豁虎跳的。\n可是老虎在笼子里不是打瞌睡，\n就是垂头丧气地踱来踱去，\n从没见过它们豁过什么虎跳。\n为什么不会豁虎跳就不能扮老虎呢？\n为什么没豁虎跳会惹起哄堂大笑呢？\n我至今还不明白。');
INSERT INTO "articles" VALUES(175,'grade-4-vol-1','20 陀螺','在我的故乡，陀螺不叫陀螺，\n叫作“冰尜儿”，顾名思义，\n就是冰上的小家伙。\n做冰尜儿用的是木头，柳木、榆木、\n松木、枣木、梨木都可以。\n抽打冰尜儿，当然是在冬季的冰天雪地里，\n最好的场所是冰面。好的冰尜儿\n尖部嵌一颗滚珠，转起来能增加许多妩媚。\n顶不济的，也要钉上一枚铁钉，\n否则转不了多少圈，尖部就会开裂。\n无论嵌上滚珠，还是钉上铁钉，\n冰尜儿都不会裂开，能毫无怨言地\n让你抽打，在冰面上旋转、舞蹈。\n抽冰尜儿的小伙伴们，都爱比个高下。\n他们往往各站一角，奋力抽转自己的冰尜儿，\n让它朝对方撞去。这时你看吧，\n两只旋转的陀螺奋勇搏斗，\n旋风般撞向对手，刚一接触，\n又各自闪向一边，然后重整旗鼓再战——\n直到其中一方被撞翻才告一段落。\n赛陀螺每次都是体重个大的一方占上风。\n因此，只有小陀螺的大多在自家院子里玩，\n不拿到马路上去应战。况且小陀螺\n有个难听的绰号叫“角锥”，意思是小且细。\n抽打“角锥”的大多是拖鼻涕穿开裆裤的，\n他们的兴趣，在于抽鞭子，\n陀螺的质量往往不在意。\n我从小就不甘人后，更不愿自己的陀螺\n像金兵见到岳家军，一战即败。\n于是四处寻找木头，为削制得心应手的冰尜儿，\n就差没把椅子腿拿来“废物利用”了。\n为此不知挨了多少责骂，可仍然不肯住手。\n然而一个孩子无论如何是削不出高质量的陀螺的，\n因此，曾有很长一段时间我的世界堆满乌云，\n快乐像过冬的燕子一般，\n飞到一个谁也看不到的地方去了。\n这种懊恼终于引起了长辈的注意。\n我的叔叔，一位很有童心的年轻民警，\n答应在我生日那天送我一只陀螺。\n这消息曾使我一整天处于恍惚的状态，\n老想象着那只陀螺英武的风姿。\n叔叔的礼物不错！这只陀螺不是人工削制的，\n而是一位木工在旋床上旋出来的，\n圆且光滑，如同一枚鸭蛋。\n虽然它远不如我想象中的那么漂亮，\n但我极高兴地接受了它。\n尤其当我看到这枚“鸭蛋”的下端\n已嵌上一粒大滚珠时，更是手舞足蹈，\n恨不得马上在马路上一显身手！\n我的陀螺刚一露面，就招来了一顿嘲笑。\n的确，在各色帅气的陀螺面前，\n它长得不伦不类，该平的地方不平，\n该尖的地方不尖，看不出一丝一毫\n与同伴相斗的能力。这使我士气大减，\n只是在一旁抽打，不敢向任何人挑战。\n然而世间许多事都是不可预料的，\n我追求“和平”只是个人愿望，\n小伙伴们不甘寂寞，一个大陀螺的主人，\n开始傲慢地向我挑衅。大陀螺摇头晃脑，\n挺着肚皮一次次冲过来，\n我的“鸭蛋”则不动声色地闪躲。\n一次次冲击，一次次闪躲，\n终于无法避开，它们狠狠地撞上了！\n奇怪的是，我的陀螺个头小，\n却顽强地出奇。明明被撞翻在一边，\n一扭身又照样旋转起来。它圆头圆脑，\n好像上下左右都能找到支撑点似的。\n结果呢，大陀螺在它身上撞了一下，\n哪怕是轻轻一下，就栽跟头了！\n这真是个辉煌的时刻！\n我尝到了胜利的滋味，品到了幸运的甜头。\n无意中获得的“荣誉”，\n虽然小如微尘，对好胜的孩子来说，\n也足以陶醉许久了——\n直到现在我还能兴致勃勃地写下这些文字，\n便是一种有力的证明。\n我的冰尜儿，木工随便旋出的小木头块，\n丑小鸭生出的一只丑鸭蛋，\n在童年的一个冬日里，\n给了我极大的欢乐和由衷的自豪。\n这真应了一句古话：人不可貌相，海水不可斗量。');
INSERT INTO "articles" VALUES(176,'grade-4-vol-1','23 梅兰芳蓄须','梅兰芳先生是闻名世界的京剧表演艺术家。\n他在舞台上唱旦角，为了演出的需要，\n总是把胡须剃得干干净净的。\n但他的一生中，有几年却是留着胡须的。\n1937年，日军占领上海，\n梅兰芳被迫藏身租界，以躲避日本人的纠缠。\n1938年底，有人邀请他去香港演戏。\n演出结束后，梅兰芳在香港住了下来，\n深居简出，不再登台。\n对于一个视舞台为生活、视艺术为生命的人来说，\n不能演出，不能创作，无异于虚度生命。\n到了深夜，梅兰芳关紧门窗，\n拉上特制的厚窗帘，才能在寓所悄悄地细声吟唱，\n这对他来说已经很知足了。\n一个艺术大师就用这种方式\n坚持着对艺术的追求。\n1941年12月香港沦陷。日本驻港司令官\n亲自出马，多次逼迫梅兰芳演戏。\n梅兰芳可以忍受生活的困顿，\n直面战争的危险，但他难以抵抗\n来自侵略者随时随地的骚扰。\n拒绝的借口都用尽了，梅兰芳最后只能蓄须明志，\n表示对日本帝国主义的抗议，\n表明不给侵略者演戏的决心。\n后来，梅兰芳不堪其扰，只好又回到了上海。\n长期不演戏，没有了经济来源，\n又要养家，梅兰芳准备卖掉北京的房子。\n听说梅兰芳要卖房子，\n很多戏园子老板找上门来说：\n“梅先生，您何必卖房子，\n只要您把胡子一剃，一登台，还愁没钱花？”\n有的甚至说，只要签订演出合同，\n就预支二十两黄金给梅兰芳。\n但是，无论戏园子老板开出的条件多么优厚，\n梅兰芳全部拒绝了。他宁可卖房度日，\n也决不在日本侵略者的统治下登台演出。\n一次，日本侵略军要庆祝“大东亚圣战”，\n要求他必须上台演出。梅兰芳斩钉截铁地说：\n“普通的演出我都不参加，\n这样的庆祝会当然更不会去了。”\n但是，拒绝演出总得要想出个办法啊。\n梅兰芳找到一位当医生的好朋友，\n说明了自己的危险处境，\n请朋友设法让他生一场“大病”，\n以摆脱日本人。这个朋友被他的爱国精神感动了，\n决心帮助他渡过难关，于是\n给他打了伤寒预防针，人打了这种针就会连日发高烧。\n日本人不相信梅兰芳病了，\n专门派了一个军医来检查。\n那个军医闯进梅兰芳的家，\n看见他脸色苍白，虚弱地躺在床上。\n军医仔细给他做了检查，\n看见他高烧四十二度，也就无话可说了。\n梅兰芳冒着生命危险，\n终于战胜了日本侵略者。\n抗战胜利的那一天，梅兰芳当即剃了胡须，\n高兴地向大家宣布：\n“胜利了，我该登台演出了！”\n前来看戏的人，把戏馆围得水泄不通。\n大家听说梅兰芳要登台演出，\n都相互转告，盼望着看到梅兰芳的精彩表演。\n没有谁不为梅兰芳的民族气节而感动，\n大家流着热泪，争先恐后地来看他演出。\n梅兰芳那优美的歌声，\n在剧场上空回荡，也在人们的心中回荡。');
INSERT INTO "articles" VALUES(177,'grade-4-vol-1','24 延安，我把你追寻','像翩翩归来的燕子，\n在追寻昔日的春光；\n像茁壮成长的小树，\n在追寻雨露和太阳。\n追寻你，延河叮咚的流水，\n追寻你，枣园梨花的清香，\n追寻你，南泥湾开荒的镢头，\n追寻你，杨家岭讲话的会场。\n一排排高楼大厦像雨后春笋，\n一件件家用电器满目琳琅；\n我们永远告别了破旧的茅屋，\n却忘不了延安窑洞温热的土炕。\n航天飞机探索宇宙的奥秘，\n电子计算机奏出美妙的交响；\n我们毫不犹豫丢掉了老牛破车，\n却不能丢宝塔山顶天立地的脊梁。\n延安，你的精神灿烂辉煌！\n如果一旦失去了你啊，\n那就仿佛没有了灵魂，\n怎能向美好的未来展翅飞翔？\n啊！延安，我把你追寻，\n追寻信念，追寻金色的理想；\n追寻温暖，追寻明媚的春光；\n追寻光明，追寻火红的太阳！');
INSERT INTO "articles" VALUES(178,'grade-4-vol-1','27 故事二则','扁鹊治病：有一天，名医扁鹊去拜见蔡桓侯。\n扁鹊在蔡桓侯身边站了一会儿，说：\n“据我看来，您皮肤上有点儿小病。\n要是不治，恐怕会向体内发展。”\n蔡桓侯说：“我的身体很好，什么病也没有。”\n扁鹊走后，蔡桓侯对左右的人说：\n“这些做医生的，总喜欢给没有病的人治病。\n医治没有病的人，才容易显示自己的高明！”\n过了十天，扁鹊又来拜见蔡桓侯。\n他站了一会儿，说：“您的病已经发展到皮肉之间了，\n要是不治还会加深。”蔡桓侯听了很不高兴，没有理睬他。\n扁鹊退了出去。十天后，扁鹊再一次来拜见，\n对蔡桓侯说：“您的病已经发展到肠胃里，\n再不治会更加严重。”蔡桓侯听了非常不高兴。\n扁鹊连忙退了出来。又过了十天，\n扁鹊老远望见蔡桓侯，只看了几眼，就掉头跑了。\n蔡桓侯觉得奇怪，派人去问他：“扁鹊，\n你这次见了大王，为什么一声不响就跑掉了？”\n扁鹊解释道：“病在皮肤，用热水敷烫就能够治好；\n发展到皮肉之间，用扎针的方法可以治好；\n即使发展到肠胃里，服几剂汤药也还能治好；\n一旦深入骨髓，只能等死，医生再也无能为力了。\n现在大王的病已经深入骨髓，所以我不再请求给他医治了。”\n五天之后，蔡桓侯浑身疼痛，派人去请扁鹊给他治病。\n扁鹊早知道蔡桓侯要来请他，\n几天前就跑到秦国去了。不久，蔡桓侯病死了。\n纪昌学射：飞卫是一名射箭能手。\n有个叫纪昌的人，想学习射箭，就去向飞卫请教。\n开始练习的时候，飞卫对纪昌说：\n“你要想学会射箭，首先应该下功夫练眼力。\n眼睛要牢牢地盯住一个目标，不能眨一眨！”\n纪昌回家之后，就开始练习起来。\n妻子织布的时候，他躺在织布机下面，\n睁大眼睛，注视着梭子来回穿梭。\n两年以后，纪昌的本领练得相当到家了——\n就是锋利的锥子尖刺到眼角，他的眼睛也不眨一下。\n纪昌对自己的成绩感到很满意，\n以为练得差不多了，就再次去拜见飞卫。\n飞卫对他说：“虽然你已经取得了不小的成绩，\n但你的眼力还不够。等到练得能够把极小的东西，\n看成一件很大东西的时候，你再来见我吧！”\n纪昌记住了飞卫的话。回到家里，\n又开始练习起来。他用一根长头发，\n绑住一只虱子，把它吊在窗口。\n然后每天站在虱子旁边，聚精会神地盯着它。\n那只小虱子，在纪昌的眼里一天天大起来，\n练到后来，大得竟然像车轮一样。\n取得这样大的进步，纪昌赶紧跑到飞卫那里，\n报告了这个好消息。飞卫高兴地拍拍他的肩头，\n说：“你就要成功了！”\n于是，飞卫开始教他怎样开弓，\n怎样放箭。后来，纪昌成了百发百中的射箭能手。');
INSERT INTO "articles" VALUES(179,'grade-4-vol-2','1 古诗词三首','四时田园杂兴 [宋]范成大\n梅子金黄杏子肥，麦花雪白菜花稀。\n日长篱落无人过，惟有蜻蜓蛱蝶飞。\n宿新市徐公店 [宋]杨万里\n篱落疏疏一径深，树头新绿未成阴。\n儿童急走追黄蝶，飞入菜花无处寻。\n清平乐·村居 [宋]辛弃疾\n茅檐低小，溪上青青草。\n醉里吴音相媚好，白发谁家翁媪？\n大儿锄豆溪东，中儿正织鸡笼。\n最喜小儿亡赖，溪头卧剥莲蓬。');
INSERT INTO "articles" VALUES(180,'grade-4-vol-2','2 乡下人家','乡下人家，虽然住着小小的房屋，\n但总爱在屋前搭一瓜架，\n或种南瓜，或种丝瓜，\n让那些瓜藤攀上棚架，爬上屋檐。\n当花儿落了的时候，藤上便结出了\n青的、红的瓜，它们一个个挂在房前，\n衬着那长长的藤，绿绿的叶。\n青、红的瓜，碧绿的藤和叶，\n构成了一道别有风趣的装饰，\n比那高楼门前蹲着一对石狮子\n或是竖着两根大旗杆，可爱多了。\n有些人家，还在门前场地上种几株花，\n芍药，凤仙，鸡冠花，大丽菊，\n它们依着时令，顺序开放，\n朴素中带着几分华丽，\n显出一派独特的农家风光。\n还有些人家，在屋后种几十枝竹，\n绿的叶，青的竿，投下一片绿绿的浓阴。\n几场春雨过后，到那里走走，\n你常常会看见许多鲜嫩的笋，\n成群地从土里探出头来。\n鸡，乡下人家照例总要养几只的。\n从他们的房前屋后走过，\n你肯定会瞧见一只母鸡，\n率领一群小鸡，在竹林中觅食；\n或是瞧见耸着尾巴的雄鸡，\n在场地上大踏步地走来走去。\n他们的屋后倘若有一条小河，\n那么在石桥旁边，在绿树荫下，\n你会见到一群鸭子游戏水中，\n不时地把头扎到水下去觅食。\n即使附近的石头上有妇女在捣衣，\n它们也从不吃惊。\n若是在夏天的傍晚出去散步，\n你常常会瞧见乡下人家吃晚饭的情景。\n他们把桌椅饭菜搬到门前，\n天高地阔地吃起来。\n天边的红霞，向晚的微风，\n头上飞过的归巢的鸟儿，\n都是他们的好友。它们和乡下人家\n一起，绘成了一幅自然、和谐的田园风景画。\n秋天到了，纺织娘寄住在他们屋前的瓜架上。\n月明人静的夜里，它们便唱起歌来：\n“织，织，织，织啊！”\n那歌声真好听，赛过催眠曲，\n让那些辛苦一天的人们，甜甜蜜蜜地进入梦乡。\n乡下人家，不论什么时候，\n不论什么季节，都有一道独特、迷人的风景。');
INSERT INTO "articles" VALUES(181,'grade-4-vol-2','3 天窗','乡下的房子，只有前面一排木板窗。\n暖和的晴天，木板窗扇扇打开，\n光线和空气都有了。\n碰着大风大雨，或者北风呼呼叫的冬天，\n木板窗只好关起来，屋子里就黑得像地洞似的。\n于是乡下人在屋顶开一个小方洞，\n装一块玻璃，叫做“天窗”。\n夏天阵雨来了时，孩子们顶喜欢\n在雨里跑跳，仰着脸看闪电，\n然而大人们偏就不许。\n“到屋里来啊！”随着木板窗的关闭，\n孩子们也就被关在地洞似的屋子里了。\n这时候，小小的天窗是你唯一的慰藉。\n透过那小小的玻璃，你看见雨脚\n在那里卜落卜落跳，\n你看见带子似的闪电一瞥；\n你想象到这雨，这风，这雷，\n这电，怎样猛厉地扫荡了这世界，\n你想象它们的威力比你在露天真实感到的\n要大十倍百倍。小小的天窗会使你的想象\n锐利起来！晚上，当你被逼着上床去\n“休息”的时候，也许你还忘不了\n月光下的草地河滩。\n你偷偷地从帐子里伸出头来，\n仰起了脸。这时候，小小的天窗\n又是你唯一的慰藉！\n你会从那小玻璃上面的一粒星，\n一朵云，想象到无数闪闪烁烁可爱的星，\n无数像山似的、马似的、巨人似的\n奇幻的云彩；你会从那小玻璃上面\n掠过的一条黑影，想象到这也许是灰色的蝙蝠，\n也许是会唱歌的夜莺，\n也许是霸气十足的猫头鹰……\n总之，夜的美丽神奇，\n立刻会在你的想象中展开。\n发明这天窗的大人们，是应得感谢的。\n因为活泼会想的孩子们知道怎样\n从“无”中看出“有”，\n从“虚”中看出“实”，\n比任何他看到的都更真切，更阔达，更复杂，更确实！');
INSERT INTO "articles" VALUES(182,'grade-4-vol-2','4 三月桃花水','是什么声音，像一串小铃铛，\n轻轻地走过村边？是什么光芒，\n像一匹明洁的丝绸，映照着蓝天？\n啊，河流醒来了！\n三月的桃花水，舞动着绮丽的朝霞，\n向前流啊。有一千朵桃花，\n点点洒在河面，有一万个小酒窝，\n在水中回旋。三月的桃花水，\n是春天的竖琴。那忽大忽小的水声，\n应和着拖拉机的鸣响；\n那纤细的低语，是在和刚刚从雪被里\n伸出头来的麦苗谈心；\n那碰着岸边石块的叮当声，\n像是大路上车轮滚过的铃声……\n三月的桃花水，是春天的明镜。\n它看见燕子飞过天空，\n翅膀上裹着白云；它看见垂柳披上了长发，\n如雾如烟；它看见一群姑娘\n来到河边，水底立刻浮起一朵朵红莲，\n她们捧起了水，像抖落一片片花瓣……\n啊，地上草如茵，两岸柳如眉，\n三月桃花水，叫人多沉醉。');
INSERT INTO "articles" VALUES(183,'grade-4-vol-2','5 琥珀','这个故事发生在很久很久以前，\n约莫算来，总有几千万年了。\n那个时候，是在夏天。太阳暖暖的，\n照得火热，树林里的空气特别热。\n许多老松树渗出厚厚的松脂，\n松脂在太阳光里闪闪地发出金黄的光。\n一只小苍蝇展开柔嫩的绿翅膀，\n在阳光下快乐地飞舞。\n它嗡嗡地穿过草地，飞进树林。\n那里长着许多高大的松树，\n太阳照得火热，可以闻到一股松脂的香味。\n那个小苍蝇停在一棵大松树上。\n它伸起腿来掸掸翅膀，\n拂拭那长着一对红眼睛的圆脑袋。\n它飞了大半天，身上已经沾满了灰尘。\n忽然，有个蜘蛛慢慢爬过来，\n想把那只苍蝇当作一顿美餐。\n它小心地划动长长的腿，\n沿着树干向下爬，离小苍蝇越来越近了。\n晌午的太阳热辣辣地照射着整个树林。\n许多老松树渗出厚厚的松脂，\n像刚洗完澡，在阳光下热得流汗。\n蜘蛛刚扑过去，突然发生了一件可怕的事情。\n一大滴松脂从树上滴下来，\n刚好落在树干上，把苍蝇和蜘蛛\n一齐包在里头。小苍蝇不能掸翅膀了，\n蜘蛛也不再想什么美餐了。\n两只小虫都淹没在老松树黏稠的黄色泪珠里。\n它们前俯后仰地挣扎了一番，\n终于不动了。松脂继续滴下来，\n盖住了原来的，最后积成一个松脂球，\n把两只小虫重重包裹在里面。\n几万年，几十万年，几百万年，\n时间一转眼就过去了。\n成千上万只绿翅膀的苍蝇和八只脚的蜘蛛\n来了又去了。谁也不会想到\n很久很久以前，有两只小虫\n被埋在一个松脂球里，挂在一棵老松树上。\n后来，陆地渐渐沉下去，\n海水渐渐漫上来，逼近那古老的森林。\n有一天，水把森林淹没了。\n波浪不断冲刷着树干，\n甚至把树连根拔起。\n树断绝了生机，慢慢地腐烂了，\n剩下的只有那些松脂球，\n淹没在泥沙下面。又是几百万年过去了，\n那些松脂球成了化石。\n海风猛烈地吹，澎湃的波涛把海里的泥沙\n卷到岸边。有个渔民带着儿子\n走在海滩上。那孩子赤着脚，\n他踩着了沙里一块硬东西，\n就把它挖了出来。“爸爸，你看！”\n他快活地叫起来，“这是什么？”\n他爸爸接过来，仔细看了看。\n“这是琥珀，孩子。”他高兴地说，\n“有两个小东西关在里面呢，\n一个苍蝇，一个蜘蛛。这是很少见的。”\n在那块透明的琥珀里，两个小东西\n仍旧好好地躺着。我们可以看见\n它们身上的每一根毫毛，还可以想象\n它们当时在黏稠的松脂里怎样挣扎，\n因为它们的腿的四周显出好几圈黑色的圆环。\n从那块琥珀，我们可以推测\n发生在几千万年前的故事的详细情形，\n并且可以知道，在远古时代，\n世界上就已经有苍蝇和蜘蛛了。');
INSERT INTO "articles" VALUES(184,'grade-4-vol-2','6 飞向蓝天的恐龙','说到恐龙，人们往往想到凶猛的霸王龙\n或者笨重、迟钝的马门溪龙；\n谈起鸟类，我们头脑中自然会浮现\n轻灵的鸽子或者五彩斑斓的孔雀。\n二者似乎毫不相干，但近年来\n发现的大量化石显示：在中生代时期，\n恐龙的一支经过漫长的演化，\n最终变成了凌空翱翔的鸟儿。\n早在19世纪，英国学者赫胥黎\n就注意到恐龙和鸟类在骨骼结构上有许多相似之处。\n在研究了大量恐龙和鸟类化石之后，\n科学家们提出，鸟类不仅和恐龙有亲缘关系，\n而且很可能就是一种小型恐龙的后裔。\n根据这一假说，一些与鸟类亲缘关系\n较近的恐龙应该长有羽毛，\n但一直没有找到化石证据。\n20世纪末期，我国科学家在辽宁西部\n首次发现了保存有羽毛的恐龙化石，\n顿时使全世界的研究者们欣喜若狂。\n辽西的发现向世人展示了恐龙长羽毛的证据，\n给这幅古生物学家们描绘的画卷涂上了点睛之笔。\n恐龙是如何飞向蓝天的呢？\n让我们穿越时空隧道，访问中生代的地球，\n看看这一演化过程吧！\n地球上的第一种恐龙大约出现在两亿四千万年前。\n它和狗一般大小，两条后腿粗壮有力，\n能够支撑起整个身体。\n数千万年后，它的后代繁衍成一个\n形态各异的庞大家族。有些恐龙像它们的祖先一样\n两足奔跑，有些恐龙则用四足行走。\n有些恐龙身长几十米，重达数十吨；\n有些恐龙则身材小巧，体重只有几千克。\n有些恐龙凶猛异常，是茹毛饮血的食肉动物；\n有些恐龙则温顺可爱，以植物为食。\n其中，一些猎食性恐龙的身体逐渐变小，\n越来越像鸟类：骨骼中空，身体轻盈；\n脑颅膨大，行动敏捷；\n前肢越来越长，能像鸟翼一样拍打；\n它们的体表长出了美丽的羽毛，\n不再披着鳞片或鳞甲。\n它们中的一些种类可能为了躲避敌害\n或寻找食物而转移到树上生存。\n这些树栖的恐龙在树木之间跳跃、降落，\n慢慢具备了滑翔能力，并最终能够主动飞行。\n不过，另一种看法是，飞行并非始于树栖生活。\n有些科学家推测，一种生活在地面上的\n带羽毛的恐龙，在奔跑过程中\n学会了飞翔。不管怎样，\n有一点毋庸置疑：原本不会飞的恐龙\n最终变成了天之骄子——鸟类，\n它们飞向了蓝天，从此开辟了\n一个崭新的生活天地。\n亿万年前，一种带羽毛的恐龙脱离同类，\n飞向蓝天，演化出今天的鸟类大家族。\n科学家们希望能够全面揭示这一历史进程。\n随着越来越多相关化石的发现，\n他们离这一愿望的实现已越来越近了。');
INSERT INTO "articles" VALUES(185,'grade-4-vol-2','9 短诗三首','繁星（七一）\n这些事——是永不漫灭的回忆：\n月明的园中，藤萝的叶下，\n母亲的膝上。\n繁星（一三一）\n大海啊！哪一颗星没有光？\n哪一朵花没有香？哪一次我的思潮里\n没有你波涛的清响？\n繁星（一五九）\n母亲啊！天上的风雨来了，\n鸟儿躲到它的巢里；心中的风雨来了，\n我只躲到你的怀里。');
INSERT INTO "articles" VALUES(186,'grade-4-vol-2','10 绿','好像绿色的墨水瓶倒翻了，\n到处是绿的……到哪儿去找这么多的绿：\n墨绿、浅绿、嫩绿、翠绿、\n淡绿、粉绿……绿得发黑、绿得出奇。\n刮的风是绿的，下的雨是绿的，\n流的水是绿的，阳光也是绿的。\n所有的绿集中起来，挤在一起，\n重叠在一起，静静地交叉在一起。\n突然一阵风，好像舞蹈教练在指挥，\n所有的绿就整齐地按着节拍飘动在一起……');
INSERT INTO "articles" VALUES(187,'grade-4-vol-2','11 白桦','在我的窗前，有一棵白桦，\n仿佛涂上银霜，披了一身雪花。\n毛茸茸的枝头，雪绣的花边潇洒，\n串串花穗齐绽，洁白的流苏如画。\n在朦胧的寂静中，玉立着这棵白桦，\n在灿灿的金晖里，闪着晶亮的雪花。\n白桦四周徜徉着姗姗来迟的朝霞，\n它向白雪皑皑的树枝又抹一层银色的光华。');
INSERT INTO "articles" VALUES(188,'grade-4-vol-2','13 猫','猫的性格实在有些古怪。\n说它老实吧，它的确有时候很乖。\n它会找个暖和的地方，成天睡大觉，\n无忧无虑，什么事也不过问。\n可是，它决定要出去玩玩，\n就会出走一天一夜，任凭谁怎么呼唤，\n它也不肯回来。说它贪玩吧，\n的确是呀，要不怎么会一天一夜不回家呢？\n可是，它听到老鼠的一点响动，\n又是那么尽职。它屏息凝视，\n一连就是几个钟头，非把老鼠等出来不可！\n它要是高兴，能比谁都温柔可亲：\n用身子蹭你的腿，把脖子伸出来让你给它抓痒，\n或是在你写作的时候，跳上桌来，\n在稿纸上踩印几朵小梅花。\n它还会丰富多腔地叫唤，\n长短不同，粗细各异，变化多端。\n在不叫的时候，它还会咕噜咕噜地给自己解闷。\n这可都凭它的高兴。它若是不高兴啊，\n无论谁说多少好话，它也一声不出。\n它什么都怕，总想藏起来。\n可是它又那么勇猛，不要说见着小虫和老鼠，\n就是遇上蛇也敢斗一斗。\n满月的小猫们就更可爱了，\n腿脚还不稳，可是已经学会淘气。\n一根鸡毛，一个线团，都是它们的好玩具，\n耍个没完没了。一玩起来，\n它们不知要摔多少跟头，\n但是跌倒了马上起来，再跑再跌。\n它们的头撞在门上，桌腿上，\n撞疼了也不哭。它们的胆子越来越大，\n逐渐开辟新的游戏场所。\n它们到院子里来了。院中的花草可遭了殃。\n它们在花盆里摔跤，抱着花枝打秋千，\n所过之处，枝折花落。你见了，\n绝不会责打它们，它们是那么生气勃勃，\n天真可爱！');
INSERT INTO "articles" VALUES(189,'grade-4-vol-2','14 母鸡','我一向讨厌母鸡。听吧，\n它由前院嘎嘎到后院，由后院再嘎嘎到前院，\n没完没了，并且没有什么理由，\n讨厌！有的时候，它不这样乱叫，\n而是细声细气的，有什么心事似的，\n颤颤巍巍的，顺着墙根，\n或沿着田坝，那么扯长了声如怨如诉，\n使人心中立刻结起个小疙瘩来。\n它永远不反抗公鸡，有时候却欺侮最忠厚的鸭子。\n更可恶的是遇到另一只母鸡的时候，\n它会下毒手，趁其不备，狠狠地咬一口，\n咬下一撮儿毛来。到下蛋的时候，\n它差不多是发了狂，恨不能让全世界\n都知道它这点儿成绩；就是聋人也会被它吵得受不了。\n可是，现在我改变了心思，\n我看见一只孵出一群小雏鸡的母鸡。\n不论是在院里，还是在院外，\n它总是挺着脖儿，表示出世界上\n并没有可怕的东西。一只鸟儿飞过，\n或是什么东西响了一声，它立刻警戒起来：\n歪着头儿听；挺着身儿预备作战；\n看看前，看看后，咕咕地警告鸡雏要马上集合到它身边来。\n发现了一点儿可吃的东西，\n它咕咕地紧叫，啄一啄那个东西，\n马上放下，让它的儿女吃。\n结果，每一只鸡雏的肚子都圆圆的，\n它自己却消瘦了许多。假若有别的大鸡来抢食，\n它一定出击，把它们赶出老远，\n连大公鸡也怕它三分。\n在夜间若有什么动静，\n它便放声啼叫，顶尖锐，顶凄惨，\n无论多么贪睡的人都得起来看看，\n是不是有了黄鼠狼。\n它负责、慈爱、勇敢、辛苦，\n因为它有了一群鸡雏。它伟大，\n因为它是鸡母亲。一个母亲必定就是一位英雄。\n我不敢再讨厌母鸡了。');
INSERT INTO "articles" VALUES(190,'grade-4-vol-2','15 白鹅','这白鹅，是我们朋友送给我的。\n它左顾右盼，厉声叫嚣，\n仿佛在责备人们供养不周。\n鹅的叫声，音调严肃郑重，\n似厉声呵斥。它的旧主人告诉我：\n养鹅等于养狗，它也能看守门户。\n后来我看到果然如此：凡有生客进来，\n鹅必然厉声叫嚣；甚至篱笆外有人走路，\n它也要引吭大叫，不亚于狗的狂吠。\n鹅的步态，更是傲慢了。\n大体上与鸭相似，但鸭的步调急速，\n有局促不安之相；鹅的步调从容，\n大模大样的，颇像京剧里的净角出场。\n它常傲然地站着，看见人走来也毫不相让；\n有时非但不让，竟伸过颈子来咬你一口。\n鹅的吃饭，常常使我们发笑。\n我们的鹅是吃冷饭的，一日三餐。\n它需要三样东西下饭：一样是水，\n一样是泥，一样是草。先吃一口冷饭，\n再喝一口水，然后再到别处去吃一口泥和草。\n大约这些泥和草也有各种可口的滋味。\n这些食料并不奢侈，但它的吃法，\n三眼一板，一丝不苟。譬如吃了一口饭，\n倘若水盆放在远处，它一定从容不迫地\n大踏步走上前去，饮一口水，\n再大踏步走去吃泥，吃草。\n吃过泥和草再回来吃饭。\n这样从容不迫地吃饭，\n必须有一个人在旁侍候，像饭馆里的堂倌一样。\n因为附近的狗，都知道我们这位鹅老爷的脾气，\n每逢它吃饭的时候，狗就躲在篱边窥伺。\n等它吃过一口饭，踏着方步去喝水、\n吃泥、吃草的当儿，狗就敏捷地跑过来，\n努力地吃它的饭。鹅老爷偶然早归，\n伸颈去咬狗，并且厉声叫骂，\n狗立刻逃往篱边，蹲着静候；\n看它再吃了一口饭，再走开去喝水、\n吃泥、吃草的时候，狗又敏捷地跑上来，\n把它的饭吃完，扬长而去。\n等到鹅再来吃饭的时候，\n饭罐已经空空如也。鹅便昂首大叫，\n似乎责备人们供养不周。这时我们便替它添饭，\n并且站着侍候。因为邻近狗很多，\n一狗方去，一狗又至，蹲在篱边窥伺。\n我们不胜其烦，以后便将饭罐和水盆\n放在一起，免得它走远去，\n让鸡、狗偷饭吃。然而它所必需的泥和草，\n所在的地点远近无定。\n为了找这些食物，它仍是要走远去的。\n因此鹅吃饭时，非有一个人侍候不可，\n真是架子十足！');
INSERT INTO "articles" VALUES(191,'grade-4-vol-2','16 海上日出','为了看日出，我常常早起。\n那时天还没有大亮，周围非常清静，\n船上只有机器的响声。\n天空还是一片浅蓝，颜色很浅。\n转眼间天边出现了一道红霞，\n慢慢地在扩大它的范围，\n加强它的亮光。我知道太阳要从天边升起来了，\n便不转眼地望着那里。\n果然，过了一会儿，在那个地方出现了太阳的小半边脸，\n红是真红，却没有亮光。太阳好像负着重荷似地一步一步，\n慢慢地努力上升，到了最后，\n终于冲破了云霞，完全跳出了海面，\n颜色红得非常可爱。一刹那间，\n这个深红的圆东西，忽然发出了夺目的亮光，\n射得人眼睛发痛，它旁边的云片也突然有了光彩。\n有时太阳走进了云堆中，\n它的光线却从云里射下来，直射到水面上。\n这时候要分辨出哪里是水，\n哪里是天，倒也不容易，因为我就只看见\n一片灿烂的亮光。\n有时天边有黑云，而且云片很厚，\n太阳出来，人眼还看不见。\n然而太阳在黑云里放射的光芒，\n透过黑云的重围，替黑云镶了一道发光的金边。\n后来太阳才慢慢地冲出重围，\n出现在天空，甚至把黑云也染成了紫色或者红色。\n这时候发亮的不仅是太阳、云和海水，\n连我自己也成了光亮的了。\n这不是很伟大的奇观吗？');
INSERT INTO "articles" VALUES(192,'grade-4-vol-2','17 记金华的双龙洞','4月14日，我在浙江金华，游北山的双龙洞。\n出金华城大约五公里到罗店，\n过了罗店就渐渐入山。\n公路盘曲而上。山上开满了映山红，\n无论花朵和叶子，都比盆栽的杜鹃显得有精神。\n油桐也正开花，这儿一丛，\n那儿一簇，很不少。山上沙土呈粉红色，\n在别处似乎没有见过。粉红色的山，\n各色的映山红，再加上或浓或淡的新绿，\n眼前一片明艳。\n一路迎着溪流。随着山势，\n溪流时而宽，时而窄，时而缓，\n时而急，溪声也时时变换调子。\n入山大约五公里就来到双龙洞口，\n那溪流就是从洞里出来的。\n在洞口抬头望，山相当高，\n突兀森郁，很有气势。洞口像桥洞似的，\n很宽。走进去，仿佛到了个大会堂，\n周围是石壁，头上是高高的石顶，\n在那里聚集一千或是八百人开个会，\n一定不觉得拥挤。\n泉水靠着洞口的右边往外流。\n这是外洞。在外洞找泉水的来路，\n原来从靠左边的石壁下方的孔隙流出。\n虽说是孔隙，可也容得下一只小船进出。\n怎样小的小船呢？两个人并排仰卧，\n刚合适，再没法容第三个人，\n是这样小的小船。船两头都系着绳子，\n管理处的工人先进内洞，在里边拉绳子，\n船就进去，在外洞的工人拉另一头绳子，\n船就出来。我怀着好奇的心情独个儿仰卧在小船里，\n自以为从后脑到肩背，到臀部，\n到脚跟，没有一处不贴着船底了，\n才说一声“行了”，船就慢慢移动。\n眼前昏暗了，可是还能感觉左右和上方的山石\n似乎都在朝我挤压过来。\n我又感觉要是把头稍微抬起一点儿，\n准会撞破额角，擦伤鼻子。\n大约行了二三丈的水程吧，就登陆了。\n这就到了内洞。内洞一团漆黑，\n什么都看不见。工人提着汽油灯，\n也只能照见小小的一块地方，\n余外全是昏暗，不知道有多么宽广。\n工人高高举起汽油灯，逐一指点洞内的景物。\n首先当然是蜿蜒在洞顶的双龙，\n一条黄龙，一条青龙。我顺着他的指点看，\n有点儿像。其次是些石钟乳和石笋，\n这是什么，那是什么，大都依据形状想象成\n神仙、动物以及宫室、器用，名目有四十多。\n这些石钟乳和石笋，形状变化多端，\n再加上颜色各异，即使不比作什么，\n也很值得观赏。\n在洞里走了一转，觉得内洞比外洞大得多，\n大概有十来进房子那么大。\n泉水靠着右边缓缓地流，\n声音轻轻的。上源在深黑的石洞里。\n我排队等候，又仰卧在小船里，出了洞。');
INSERT INTO "articles" VALUES(193,'grade-4-vol-2','21 古诗三首','芙蓉楼送辛渐 [唐]王昌龄\n寒雨连江夜入吴，平明送客楚山孤。\n洛阳亲友如相问，一片冰心在玉壶。\n塞下曲 [唐]卢纶\n月黑雁飞高，单于夜遁逃。\n欲将轻骑逐，大雪满弓刀。\n墨梅 [元]王冕\n我家洗砚池头树，朵朵花开淡墨痕。\n不要人夸好颜色，只留清气满乾坤。');
INSERT INTO "articles" VALUES(194,'grade-4-vol-2','22 文言文二则','囊萤夜读：胤恭勤不倦，博学多通。\n家贫不常得油，夏月则练囊盛数十萤火以照书，\n以夜继日焉。\n铁杵成针：磨针溪，在象耳山下。\n世传李太白读书山中，未成，\n弃去。过是溪，逢老媪方磨铁杵。\n问之，曰：“欲作针。”\n太白感其意，还卒业。');
INSERT INTO "articles" VALUES(195,'grade-4-vol-2','23 “诺曼底号”遇难记','1870年3月17日夜晚，哈尔威船长照例走在\n“诺曼底号”的驾驶台上。\n“诺曼底号”是一艘大轮船，\n在英伦海峡也许可以算得上是最漂亮的邮船之一。\n它装货容量六百吨，船体长二百二十英尺，\n宽二十五英尺。海员们都说它很“年轻”，\n因为它才七岁，是1863年造的。\n雾愈来愈浓了，\n“诺曼底号”周围一片漆黑。\n船桅的梢尖隐约可辨。\n大风呼啸，海水咆哮，浪涛汹涌，\n无边的黑夜笼罩着广袤的大海。\n不过，这艘轮船平安地航行着。\n它眼下在南安普敦附近，\n目的地是格恩西岛，\n它是英国的皇家邮船。\n船长站在驾驶台上，小心翼翼地驾驶着他的船。\n乘客们都回舱睡觉了，因为是夜里两点钟。\n突然，沉沉夜雾中冒出一枚黑色的船头。\n它飞快地向“诺曼底号”逼过来。\n人们还没来得及发出惊呼，\n那艘船的船头就猛烈地撞进了“诺曼底号”的腰部。\n“诺曼底号”的船身抖了一下，\n仿佛一门大炮在它的耳边轰响。\n刹那间，男人、女人、小孩，\n所有的人都奔到甲板上，\n人们半裸着身子，奔跑着，尖叫着，\n哭泣着，惊恐万状，一片混乱。\n海水哗哗往里灌，汹涌湍急，\n势不可挡。轮机火炉被海浪呛得嘶嘶地直喘粗气。\n船上没有封舱用的防漏隔墙。\n哈尔威船长站在指挥台上，大声吼喝：\n“全体安静，注意听命令！\n把救生艇放下去。妇女先走，\n其他乘客跟上，船员断后。必须把\n六十人救出去！”\n实际上一共有六十一人，但是\n他把自己给忘了。\n船员赶紧解开救生艇的绳索。\n大家一窝蜂拥了上去，\n这股你推我搡的势头，既像疯了似的，\n又像个吓傻了的灵魂。这么多人\n拥向小小的救生艇，肯定会导致灾难性的后果。\n就在这时，船长威严的声音压倒了一切。\n“哪个男人敢走在女人前面，你就开枪打死他！”\n大家立刻停住了，\n没有一个人违抗他的意志，\n人们感到有一个伟大的灵魂\n出现在他们的上空。\n“奥克勒福大副？”\n“到！”\n“船还能维持多久？”\n“二十分钟。”\n“够了，”船长说，“让每个人都下到小艇上去。\n奥克勒福大副，你的手枪在吗？”\n“在，船长。”\n“哪个男人敢走在女人前面，\n你就开枪打死他！”\n大家静静地听着。船长接着说：\n“洛克机械师在哪儿？”\n“在，船长。”\n“炉子怎么样了？”\n“被海水淹了。”\n“火呢？”\n“灭了。”\n“机器怎样？”\n“停了。”\n船长喊了一声：“奥克勒福大副！”\n大副回答：“到！”\n船长说：“二十分钟到了吗？”\n大副说：“还有两分钟。”\n“现在，救援工作进行得怎样？”\n“一切井然有序。船长，还有\n一名见习水手没有上救生艇，\n克莱芒，他还是个孩子。”\n“把他救上来！”\n船长在指挥台上，一个一个地\n把名字喊过去。一个也没少，\n六十个人都平安地登上了\n救援船（那艘肇事船）。\n二十分钟到了，轮船沉没了。\n船头先下去，须臾，\n海水把船尾也浸没了。\n哈尔威船长一个手势也没有做，\n一句话也没有说，犹如铁铸，\n纹丝不动，随着轮船一起沉入了深渊。\n人们透过阴惨惨的薄雾，\n凝视着这尊黑色的雕像徐徐沉进大海。\n哈尔威船长的生命就这样结束了。\n在英伦海峡上，没有任何一个海员\n能与他相提并论。\n他一生都要求自己忠于职守，\n履行做人之道。面对死亡，\n他又一次运用了成为一名英雄的权利。');
INSERT INTO "articles" VALUES(196,'grade-4-vol-2','26 巨人的花园','从前，一个小村子里有座漂亮的花园。\n那里，春天鲜花盛开，夏天绿树成阴，\n秋天鲜果飘香，冬天白雪一片。\n村里的孩子都喜欢到那里玩。\n花园的主人是个巨人，\n他外出旅行已有好久了。\n花园里常年洋溢着孩子们欢乐的笑声。\n有一年秋天，巨人突然回来了。\n他看到孩子们在花园里玩耍，\n很生气：“谁允许你们到这儿来玩的！\n都滚出去！”\n孩子们吓坏了，四散奔逃。\n巨人因在花园周围砌起围墙，\n而且竖起一块“禁止入内”的告示牌。\n不久，北风呼啸，隆冬来临，\n刺骨的寒风吹起雪花。巨人\n孤独地度过了漫长的严冬。\n春天终于来了，村子里又开出\n美丽的鲜花，不时传来小鸟的欢叫。\n但不知为什么，巨人的花园里\n仍然是冬天，天天狂风大作，\n雪花飞舞。巨人裹着毯子，\n还瑟瑟发抖。他想：“今年的春天\n为什么这么冷，这么荒凉呀……”\n一天早晨，巨人被喧闹声吵醒了。\n他抬头望去，一缕阳光从窗外射入，\n原来，孩子们从围墙的破损处钻进花园，\n在草地上尽情地玩耍。珍珠般的鲜花\n从草丛中伸出头来。桃树爆出嫩绿的芽。\n鸟儿在枝头歌唱。花园里充满欢声笑语。\n巨人看到了，大声叱责：“喂！\n谁让你们到这里来的？”\n孩子们听到可怕的训斥，纷纷逃窜。\n与此同时，鲜花凋谢，树叶飘落，\n花园又被冰雪覆盖了。\n巨人不解地看看四周，突然发现\n桃树底下站着一个小男孩。\n“喂！你赶快滚出去！”\n巨人大声吼叫。小男孩没有拔腿逃跑，\n却用他那会说话的眼睛凝视着巨人。\n不知怎么，巨人看着他的眼神，\n心里感到火辣辣的。这个小男孩\n伸手一招，桃树马上绽出绿芽，开出许多美丽的花朵。\n“噢！是这么回事！”\n巨人终于明白，没有孩子的地方\n就没有春天。他不禁抱住了\n那个孩子：“唤来寒冬的，是我那颗\n任性、冷酷的心啊！要不是你提醒，\n春天将永远被我赶走了。谢谢你！”\n小男孩在巨人宽大的脸颊上亲了一下。\n巨人第一次感到了温暖和愉快。\n于是，他立刻拆除围墙，\n把花园给了孩子们。\n从那以后，巨人的花园又成了孩子们的乐园。\n孩子们站在巨人的脚下，爬上巨人的肩膀，\n尽情地玩耍。巨人生活在\n漂亮的花园和孩子们中间，感到无比的幸福。');
INSERT INTO "articles" VALUES(197,'grade-4-vol-2','7 纳米技术就在我们身边','纳米技术是20世纪90年代兴起的高新技术。\n如果说20世纪是微米的世纪，\n21世纪必将是纳米的世纪。\n什么是纳米技术呢？这得从纳米说起。\n纳米是非常非常小的长度单位，\n1纳米等于10亿分之一米。\n如果把直径为1纳米的小球放到乒乓球上，\n相当于把乒乓球放在地球上，\n可见纳米有多么小。\n纳米技术的研究对象一般在1纳米到100纳米之间，\n不仅肉眼根本看不见，\n就是普通的光学显微镜也无能为力。\n这种小小的物质拥有许多新奇的特性，\n纳米技术就是研究并利用这些特性\n造福于人类的一门学问。\n纳米技术就在我们身边。\n冰箱里面用到一种纳米涂层，\n具有杀菌和除臭功能，能够使食物\n保质期和蔬菜保鲜期更长。\n有一种叫作“碳纳米管”的神奇材料，\n比钢铁结实百倍，而且非常轻，\n将来我们有可能坐上“碳纳米管天梯”到太空旅行。\n在最先进的隐形战机上，用到一种纳米吸波材料，\n能够把探测雷达波吸收掉，所以雷达根本看不见它。\n纳米技术可以让人们更加健康。\n癌症很可怕，但如果在只有几个癌细胞的时候\n就能够发现的话，死亡率会大大降低。\n利用极其灵敏的纳米检测技术，\n可以实现疾病的早期检测与预防。\n未来的纳米机器人，甚至可以通过血管直达病灶，\n杀死癌细胞。生病的时候，需要吃药。\n现在吃一次药最多管一两天，\n未来的纳米缓释技术，能够让药物效力\n缓慢地释放出来，服一次药可以管一周，甚至一个月。\n纳米技术将给人类的生活带来深刻的变化。\n在不远的将来，我们的衣食住行\n都会有纳米技术的影子。');
INSERT INTO "articles" VALUES(198,'grade-4-vol-2','8 千年梦圆在今朝','飞离地球、遨游太空是中华民族很久以来的梦想。\n在中国的古代，早就流传着\n“嫦娥奔月”的神话，人飞于天、车走空中的传说，\n以及“鲲鹏展翅”“九天揽月”的奇妙想象。\n尽管这些梦想在当时无法实现，\n却蕴含着中华民族对宇宙的无穷探索。\n明代的万户，是世界上第一个试想\n利用火箭飞行的人。他把四十七支火箭\n绑在椅子背后，自己坐在椅子上，\n手拿两只大风筝，叫人点火发射。\n随着一声巨响，他消失在了火焰和烟雾中。\n万户那种勇于实践的探索精神，\n极大地震撼和鼓舞着人们。\n数百年来，坚定而执着的炎黄子孙，\n在实现飞天梦的过程中，遭受了无数失败，\n付出了惨重代价，但是，\n始终没有放弃飞离地球的努力。\n1970年4月24日，寂寞而辽阔的太空中，\n第一次响起了中国人的声音。\n那一天，我国发射了第一颗人造地球卫星\n“东方红一号”。卫星播放的《东方红》乐曲，\n让全世界听到了中国航天员的声音。\n2003年10月15日早晨9时，\n在酒泉卫星发射中心，随着一声震耳欲聋的巨响，\n我国自行研制的“神舟五号”飞船被送上太空。\n火箭划过一道绚丽的曲线，\n看起来宛若一条蜿蜒的巨龙，\n瞬间便消失在了苍穹之中。\n10月16日6时23分，飞船在环绕地球十四圈后\n成功返回着陆场。航天员杨利伟在走出舱门时，\n群情激昂。他面带微笑，\n对着镜头说：“飞船飞行正常。\n我自我感觉良好。我为祖国感到骄傲！”\n“神舟五号”发射成功，标志着我国\n成为世界上第三个掌握载人航天技术的国家。\n2007年10月24日，我国成功发射了\n第一颗月球探测卫星“嫦娥一号”。\n2019年1月3日，“嫦娥四号”探测器\n实现了人类首次月球背面软着陆，\n并传回了第一张月球背面近距离拍摄的清晰的月表图像。\n时代在发展，科学在进步。\n中华民族几千年的梦想，几代人的执着追求，\n以及数十年坚持不懈、锲而不舍的奋斗，\n终于在今天变成了美好的现实。');
INSERT INTO "articles" VALUES(199,'grade-4-vol-2','12 在天晴了的时候','在天晴了的时候，\n请到小径中去走走：\n给雨润过的泥路，\n一定是凉爽又温柔；\n炫耀着新绿的小草，\n一下子洗净了尘垢；\n不再胆怯的小白菊，\n慢慢地抬起它们的头，\n试试寒，试试暖，\n然后一瓣瓣地绽透；\n抖去水珠的凤蝶儿，\n在木叶间自在闲游，\n把它五彩的智慧书页，\n曝着阳光一开一收。\n到小径中去走走吧，\n在天晴了的时候：\n赤着脚，携着手，\n踏着新泥，涉过溪流。\n新阳推开了阴霾了，\n溪水在温风中晕皱，\n看山间移动的暗绿——\n云的脚迹——它也在闲游。');
INSERT INTO "articles" VALUES(200,'grade-4-vol-2','18 小英雄雨来(节选)','晋察冀边区的北部有一条还乡河，\n河里长着很多芦苇。河边有个小村庄。\n芦花开的时候，远远望去，\n黄绿的芦苇上好像盖了一层厚厚的白雪。\n风一吹，鹅毛般的苇絮就飘飘悠悠地飞起来，\n把村子里几十家小房屋都罩在柔软的芦花里。\n因此，这村就叫芦花村。\n12岁的雨来就是这村的。\n雨来喜爱游泳，仰浮本领最高，\n妈妈不让雨来耍水，怕出危险。\n有一天，爸爸妈妈都出门了，\n雨来一个人在家。忽然，\n交通员李大叔急急忙忙跑了进来。\n雨来连忙把缸底下的洞口挪开，\n让李大叔钻进去，然后又把缸搬回原处。\n鬼子进了屋，看见雨来，\n便把雨来拉到院子里。鬼子问雨来：\n“你看见一个人跑进来没有？”\n雨来说：“没看见！”\n鬼子生气了，把雨来拉到屋里，\n用绳子把他捆绑起来。\n鬼子军官从口袋里掏出一把糖块，\n塞到雨来手里，说：“吃！你吃！\n你问哪里有八路军，我说有！\n你带路，金票大大的有！”\n雨来还是说：“没看见！”\n鬼子军官把脸一沉，\n伸手往皮带上一掏，拔出一把手枪，\n指着雨来的鼻子，恶狠狠地问：\n“说！李大叔在哪儿？”\n雨来说：“我在屋里，什么也没看见。”\n鬼子气急败坏，把雨来拉出去，\n毒打了一顿。雨来两眼直冒金花，\n鼻子流着血。可是他咬着牙，\n什么也不说。鬼子无可奈何，\n只得把他拉到河沿上。\n太阳已经落山了，河水哗哗地流着。\n村里的人们听见枪声，都跑到河沿上来。\n大家听说雨来被鬼子打死了，都哭了。\n正在这时候，水面上露出了一个小脑袋。\n雨来没有死！原来枪响以前，\n雨来就趁鬼子不防备，一头扎进河里去了。\n鬼子慌忙向水里打枪，\n可是我们的小英雄雨来已经游到远处去了。');
INSERT INTO "articles" VALUES(201,'grade-4-vol-2','19 我们家的男子汉','这也是一个男子汉，\n是我们家里的男子汉。\n他会对独立有强烈的要求。\n他不愿让人牵他的手，\n想要自己走。他在门口换好衣帽，\n甚至不让我们看他，\n自己说了声：“再见！”\n就走出了门。他沉迷于对食物的兴趣。\n他吃饭很爽气，也很专注。\n他吃东西时，腮帮子鼓鼓的，\n嘴巴里发出很响的声音。\n有一次，他发高烧，\n我去看他。他吃不下东西，\n却喝了很多水。他面对生活的挑战，\n表现得非常沉着。有一次，\n他去买东西，回来的时候，\n手里拿着空瓶子，钱却弄丢了。\n他没有哭，也没有闹，\n只是很沮丧。后来，\n我们让他自己回安徽老家。\n他勇敢地踏上了归途。\n这就是我们家的男子汉。');
INSERT INTO "articles" VALUES(202,'grade-4-vol-2','20 芦花鞋','青铜拿着一只大布口袋，\n里面装满了芦花鞋。\n他要到镇上去卖。\n那鞋很厚实，像暖和和的鸟窝。\n鞋底是稻草编的，\n中间是一层芦花，\n最上面是一层厚厚的绒布。\n这是家里人编了一冬天的成果。\n到了镇上，青铜把鞋摆在雪地上。\n过路的人都停下来看。\n大家见这鞋编得结实，\n又暖和，都想买。\n不一会儿，芦花鞋就卖出去了一大半。\n雪越下越大，青铜的身上\n落满了雪花。他不停地跺着脚，\n搓着手。剩下的几双鞋也卖出去了。\n最后，只剩下一双芦花鞋了。\n这双鞋是青铜自己穿的，\n因为大了一点儿，他就在脚上\n又套了一双袜子。\n这时，有个人走过来，\n拿起这双鞋看了看，\n问：“还有没有了？”\n青铜摇摇头。那人失望地放下了鞋。\n青铜看看那人，又看看自己脚上的鞋，\n脱了下来，说：“这双卖给你吧！”\n那人很高兴，付了钱，拿走了鞋。\n青铜赤着脚，踩在雪地上，\n觉得脚板热乎乎的。');
INSERT INTO "articles" VALUES(203,'grade-4-vol-2','24 黄继光','1952年10月，上甘岭战役打响了。\n这是朝鲜战场上最激烈的一次阵地战。\n黄继光所在的营已经持续战斗了四天四夜。\n第五天夜晚接到上级的命令，\n要在黎明之前夺下被敌人占领的597.9高地。\n进攻开始了，大炮在轰鸣。\n战士们占领了一个又一个山头，\n眼看就要到达597.9高地的主峰了。\n突然，敌人的一个火力点\n凶猛地射击起来。战士们\n屡次突击，都被比雨点还密的枪弹压了回来。\n东方升起了启明星，\n指导员看看手表，已经四点多了。\n如果不很快摧毁这个火力点，\n在黎明前就攻不下597.9高地的主峰，\n已经夺得的那些山头就会全部丢失。\n黄继光愤怒地注视着敌人的火力点，\n他转过身来坚定地对指导员说：\n“指导员，请把这个任务交给我吧！”\n指导员紧握着黄继光的手，说：\n“好，我相信你一定能完成这个光荣而艰巨的任务。”\n黄继光带上两个战士，拿了手雷，\n喊了一声：“让祖国人民听我们胜利的消息吧！”\n便向敌人的火力点爬去。\n敌人发现他们了。无数照明弹升上天空，\n黑夜变成了白天。炮弹在他们周围爆炸。\n他们冒着浓烟，匍匐前进。\n一个战士牺牲了，另一个战士也负伤了。\n黄继光的肩头和腿都“挂了彩”。\n他用尽全身的力气，更加顽强地向前爬，\n还有二十米，十米……近了，更近了。\n啊！黄继光突然站起来了！\n在暴风雨一样的子弹中站起来了！\n他举起右臂，手雷在探照灯的光亮中闪闪发光。\n轰！敌人的火力点塌了半边，\n黄继光晕倒了。战士们赶紧冲了上去，\n不料，从残存的碉堡里\n又伸出几条火舌，疯狂地扫射。\n部队的冲锋又受阻了。\n在这千钧一发的时刻，黄继光又站起来了！\n他张开双臂，向着枪口冲去，\n用自己的胸膛堵住了敌人的枪口。\n“冲啊！为黄继光报仇！”\n喊声惊天动地。战士们像海涛一样\n向上冲去，占领了597.9高地，\n消灭了阵地上的全部敌人。');
INSERT INTO "articles" VALUES(204,'grade-4-vol-2','25 宝葫芦的秘密','我姓王，名字叫王葆。\n我听奶奶讲过一个宝葫芦的故事。\n那个故事可好听啦！\n奶奶说，从前有个人，\n在山上遇到了一位神仙。\n神仙送给他一个宝葫芦。\n这个宝葫芦可神奇了，\n想要什么就有什么。\n如果肚子饿了，只要念一声口诀，\n宝葫芦里就会变出好吃的饭菜。\n如果想要房子，\n宝葫芦里就会变出一座漂亮的房子。\n总之，有了宝葫芦，\n人们就过上了幸福的生活。\n我听了以后，就整天幻想着\n自己也能有一个宝葫芦。\n有一次，我在河边钓鱼。\n钓了好久，一条鱼也没钓到。\n我心里想：要是有一个宝葫芦就好了，\n它能变出好多好多鱼来。\n正想着，忽然听见水里有动静。\n我定睛一看，原来是一个葫芦\n正漂在水面上。我高兴极了，\n赶紧把它捞上来。这葫芦是黄色的，\n滑溜溜的。我把它抱在怀里，\n心里别提多高兴了。\n“宝葫芦，宝葫芦，\n请你给我变出鱼来吧！”\n我试着念了几句口诀。\n没想到，奇迹真的发生了。\n河里立刻跳出了许多大鱼，\n噼里啪啦地落在岸上。\n我简直不敢相信自己的眼睛。\n从那以后，我就有了宝葫芦。\n它帮我解决了很多困难，\n也给我带来了不少麻烦。\n不过，那都是后来的事了。');
INSERT INTO "articles" VALUES(205,'grade-4-vol-2','27 海的女儿','夜幕降临了，虽然小人鱼\n觉得脚像踩在刀尖上一样疼，\n但她还是在船上跳起舞来。\n她跳得那么轻盈，那么优美，\n大家都在为她喝彩。\n王子也被她迷住了，\n微笑着对她拍手。小人鱼\n心里充满了幸福，因为她\n能和王子在一起。\n可是，当她想到明天早晨\n太阳升起的时候，她就要\n变成泡沫，永远离开王子，\n心里又充满了悲伤。\n夜深了，人们都去睡了。\n小人鱼独自站在船舷边，\n望着东方。她知道，\n太阳一出来，她就会死去。\n忽然，她看见她的姐姐们\n从海里游过来了。她们的头发剪掉了，\n脸色苍白。她们递给小人鱼\n一把锋利的刀，说：\n“这是我们用头发换来的。\n只要你把刀刺进王子的心脏，\n让他的血流到你的脚上，\n你的脚就会变成鱼尾，\n你就可以回到海里，\n活过三百岁。”\n小人鱼接过刀，手在发抖。\n她悄悄地走进王子的房间，\n看见王子正在梦中微笑着，\n嘴里喊着那位公主的名字。\n小人鱼的心碎了。她吻了吻\n王子的前额，然后把刀\n远远地抛到海里。刀落下的地方，\n浪花溅起一道红光。\n小人鱼纵身跳入海里，\n她觉得自己的身体正在一点点化为泡沫。\n太阳升起来了，阳光柔和地\n照在泡沫上。小人鱼并没有感到灭亡。\n她看到四周有许多透明的、\n美丽的生物在飞舞。她们的声音\n像音乐一样悦耳。小人鱼\n也变成了她们中的一员，\n飞向了蔚蓝的天空。');
INSERT INTO "articles" VALUES(206,'grade-5-vol-1','1 白鹭','白鹭是一首精巧的诗。\n色素的配合，身段的大小，\n一切都很适宜。\n白鹤太大而嫌生硬，\n即使如粉红的朱鹭或灰色的苍鹭，\n也觉得大了一些，\n而且太不寻常了。\n然而白鹭却因为它的常见，\n而被人忘却了它的美。\n那雪白的蓑毛，\n那全身的流线型结构，\n那铁色的长喙，那青色的脚，\n增之一分则嫌长，\n减之一分则嫌短，\n素之一忽则嫌白，\n黛之一忽则嫌黑。\n在清水田里，时有一只两只\n白鹭站着钓鱼，\n整个的田便成了一幅\n嵌在玻璃框里的画面。\n田的大小好像是有心人\n为白鹭设计的镜匣。\n晴天的清晨，每每看见它\n孤独地站立于小树的绝顶，\n看来像是不安稳，\n而它却很悠然。\n这是别的鸟很难表现的一种嗜好。\n人们说它是在望哨，\n可它真是在望哨吗？\n黄昏的空中偶见白鹭的低飞，\n更是乡居生活中的一种恩惠。\n那是清澄的形象化，\n而且具有生命了。\n或许有人会感到美中不足，\n白鹭不会唱歌。\n但是白鹭本身不就是\n一首很优美的歌吗？\n——不，歌未免太铿锵了。\n白鹭实在是一首诗，\n一首韵在骨子里的散文诗。');
INSERT INTO "articles" VALUES(207,'grade-5-vol-1','2 落花生','我们家的后园有半亩空地。\n母亲说：“让它荒着怪可惜的，\n你们那么爱吃花生，\n就开辟出来种花生吧。”\n我们姐弟几个都很高兴，\n买种，翻地，播种，浇水，\n没过几个月，居然收获了。\n母亲说：“今晚我们过一个收获节，\n请你们的父亲也来尝尝\n我们的新花生，好不好？”\n母亲把花生做成了好几样食品，\n还吩咐就在后园的茅亭里过这个节。\n那晚的天色不大好，\n可是父亲也来了，实在很难得。\n父亲说：“你们爱吃花生吗？”\n我们争着回答：“爱！”\n“谁能把花生的好处说出来？”\n姐姐说：“花生的味道很美。”\n哥哥说：“花生可以榨油。”\n我说：“花生的价钱便宜，\n谁都可以买来吃，都喜欢吃。\n这就是它的好处。”\n父亲说：“花生的好处很多，\n有一样最可贵。它的果实埋在地里，\n不像桃子、石榴、苹果那样，\n把鲜红嫩绿的果实高高地挂在枝上，\n使人一见就生爱慕之心。\n你们看它矮矮地长在地上，\n等到成熟了，也不能\n立刻分辨出来它有没有果实，\n必须挖起来才知道。”\n我们都说是，母亲也点点头。\n父亲接下去说：“所以你们要像花生，\n它虽然不好看，可是很有用。”\n我说：“那么，人要做有用的人，\n不要做只讲体面，\n而对别人没有好处的人。”\n父亲说：“对。这是我对你们的希望。”\n我们谈到深夜才散。\n花生做的食品都吃完了，\n父亲的话却深深地印在我的心上。');
INSERT INTO "articles" VALUES(208,'grade-5-vol-1','3 桂花雨','中秋节前后，正是故乡\n桂花盛开的时节。\n小时候，我无论对什么花，\n都不懂得欣赏。\n父亲总是指指点点地告诉我，\n这是梅花，那是木兰花……\n但我除了记些名字外，并不喜欢。\n我喜欢的是桂花。\n桂花树的样子笨笨的，\n不像梅树那样有姿态。\n不开花时，只见到满树的叶子；\n开花时，仔细地在树丛里寻找，\n才能看到那些小花。\n可是桂花的香气，太迷人了。\n故乡靠海，八月是台风季节。\n桂花一开，母亲就开始担心了：\n“可别来台风啊！”\n母亲每天都要在前后院子走一回，\n嘴里念着：“只要不来台风，\n我就可以收几大箩。\n送一箩给胡家老爷爷，\n送一箩给毛家老婆婆，\n他们两家糕饼做得多。”\n桂花盛开的时候，不说香飘十里，\n至少前后左右十几家邻居，\n没有不浸在桂花香里的。\n桂花成熟时，就应当“摇”。\n摇下来的桂花，朵朵完整、新鲜。\n如果让它开过，落在泥土里，\n尤其是被风雨吹落，\n比摇下来的香味就差多了。\n摇花对我是件大事。\n所以，我总是缠着母亲问：\n“妈，怎么还不摇桂花下？”\n母亲说：“还早呢，\n花开的时间太短，摇不下来的。”\n可是母亲一看天上布满阴云，\n就知道要来台风了，\n赶紧叫大家提前摇桂花。\n这下，我可乐了，帮大人\n抱着桂花树，使劲地摇。\n摇呀摇，桂花纷纷落下来，\n我们满头满身都是桂花。\n我喊着：“啊！真像下雨，\n好香的雨啊！”\n桂花摇落以后，挑去小枝小叶，\n晒上几天太阳，收在铁盒子里，\n可以加在茶叶里泡茶，\n过年时还可以做糕饼。\n全年，整个村子都浸在桂花的香气里。\n我念中学的时候，全家到了杭州。\n杭州有一处小山，全是桂花树，\n花开时那才是香飘十里。\n秋天，我常到那儿去赏桂花。\n回家时，总要捡一大袋桂花给母亲。\n可是母亲说：“这里的桂花再香，\n也比不上家乡院子里的桂花。”\n于是，我又想起了\n在故乡童年时代的“摇花乐”，\n还有那摇落的阵阵桂花雨。');
INSERT INTO "articles" VALUES(209,'grade-5-vol-1','4 珍珠鸟','真好！朋友送我一对珍珠鸟。\n放在一个简易的竹条编成的笼子里，\n笼内还有一卷干草，\n那是小鸟舒适又温暖的巢。\n有人说，这是一种怕人的鸟。\n我把它挂在窗前。\n那儿还有一大盆吊兰。\n我便用吊兰长长的、\n串生着小绿叶的垂蔓蒙盖在鸟笼上，\n它们就像躲进深幽的丛林一样安全；\n从中传出的笛儿般又细又亮的叫声，\n也就格外轻松自在了。\n阳光从窗外射入，\n透过这里，吊兰那些无数\n指甲状的小叶，一半成了黑影，\n一半被照透，如同碧玉；\n斑斑驳驳，生意葱茏。\n小鸟的影子就在这中间隐约闪动，\n看不完整，有时连笼子也看不出，\n却见它们可爱的鲜红小嘴儿\n从绿叶中伸出来。\n我很少扒开叶蔓瞧它们，\n它们便渐渐敢伸出小脑袋瞅瞅我。\n我们就这样一点点熟悉了。\n三个月后，那一团越发繁茂的绿蔓里\n边发出一种尖细又娇嫩的鸣叫。\n我猜到，是它们有了雏儿。\n我决不掀开叶片往里看，\n连添食加水时也不睁大好奇的眼睛\n去惊动它们。\n过不多久，忽然有一个更小的脑袋\n从叶间探出来。哟，雏儿！\n正是这小家伙！\n它小，就能轻易地由疏格的\n笼子钻出身。瞧，多么像\n它的父母：红嘴红脚，\n灰蓝色的毛，只是后背\n还没有生出珍珠似的圆圆的白点；\n它好肥，整个身子好像一个\n蓬松的球儿。\n起先，这小家伙只在笼子四周活动，\n随后就在屋里飞来飞去，\n一会儿落在柜顶上，\n一会儿神气十足地站在书架上，\n啄着书背上那些大文豪的名字，\n一会儿把灯绳撞得来回摇动，\n跟着逃到画框上去了。\n只要大鸟在笼里生气地叫一声，\n它立即飞回笼里去。\n我不管它。这样久了，\n打开窗子，它最多只在窗框上\n站一会儿，决不飞出去。\n渐渐它胆子大了，就落在我书桌上。\n它先是离我较远，见我不去伤害它，\n便一点点挨近，然后蹦到我的杯子上，\n俯下头来喝茶，再偏过脸瞧瞧我的反应。\n我只是微微一笑，依旧写东西，\n它就放开胆子跑到稿纸上，\n绕着我的笔尖蹦来蹦去；\n跳动的小红爪子在纸上发出“嚓嚓”响。\n我不动声色地写，\n默默享受着这小家伙亲近的情意。\n这样，它完全放心了，\n索性用那涂了蜡似的小红嘴，\n嗒嗒地啄着我颤动的笔尖。\n我用手抚一抚它细腻的绒毛，\n它也不怕，反而友好地啄两下我的手指。\n白天，它这样淘气地陪伴我；\n天色入暮，它就在父母再三的呼唤声中，\n飞向笼子，扭动滚圆的身子，\n挤开那些绿叶钻进去。\n有一天，我伏案写作时，\n它居然落到我的肩上。\n我手中的笔不觉停了，生怕惊跑它。\n待一会儿，扭头看，这小家伙\n竟趴在我的肩头睡着了，\n银灰色的眼睑盖住眸子，\n小红脚刚好给胸脯上长长的绒毛盖住。\n我轻轻抬一抬肩，它没醒，\n睡得好熟！还呷呷嘴，难道在做梦？\n我笔尖一动，流泻下一时的感受：\n信赖，往往创造出美好的境界。');
INSERT INTO "articles" VALUES(210,'grade-5-vol-1','5 搭石','进入秋天，天气变凉。\n家乡的人们会根据水的深浅，\n从河的两岸找来一些平整方正的石头，\n按照二尺左右的间隔，\n在小溪里横着摆上一排，\n让人们从上面踏着过去，\n这就是搭石。\n搭石，构成了家乡的一道风景。\n秋凉以后，人们早出晚归，\n从搭石上走过。如果赶上老人来走搭石，\n年轻人总要伏下身子背老人过去，\n人们把这看成理所当然的事。\n一排排搭石，任人走，任人踏，\n它们联结着故乡的小路，\n也联结着乡亲们美好的情感。');
INSERT INTO "articles" VALUES(211,'grade-5-vol-1','6 将相和','战国时期，秦国最强，\n常常进攻别的国家。\n有一回，赵王得了一件无价之宝，\n叫和氏璧。秦王知道了，\n就写一封信给赵王，\n说愿意拿十五座城换这块璧。\n赵王接到了信非常着急，\n立即召集大臣来商议。\n大家说予秦国璧，怕秦国不给城，\n白白骗去；不予，又怕秦国派兵来打。\n正在为难的时候，有人推荐了蔺相如。\n赵王派蔺相如带着和氏璧到了秦国。\n秦王双手捧住璧，一边看一边称赞，\n绝口不提十五座城的事。\n蔺相如看这情形，知道秦王没有\n拿城换璧的诚意，就上前一步，\n说：“这块璧有点儿小毛病，\n让我指给您看。”\n秦王听他这么一说，就把和氏璧\n交给了蔺相如。蔺相如捧着璧，\n往后退了几步，靠着柱子站定。\n他理直气壮地说：“我看您\n并不想交付十五座城。\n现在璧在我手里，您要是强逼我，\n我的脑袋和璧就一块儿撞碎在这柱子上！”\n秦王怕他把璧撞碎了，\n连忙道歉，说一切都好商量，\n叫人把地图拿来，划出十五座城给赵国。\n蔺相如怕秦王说了不算，\n就请秦王举行典礼。\n到了举行典礼那一天，\n蔺相如进宫见了秦王，\n大大方方地说：“和氏璧已经送回赵国了。\n您如果有诚意，先把十五座城\n交给赵国，我国马上派人把璧送来。”\n秦王没办法，只好客客气气地\n把蔺相如送回赵国。\n这就是“完璧归赵”的故事。\n蔺相如立了功，赵王封他做上大夫。\n过了几年，秦王约赵王在渑池会见。\n赵王和大臣们商议决定，\n由蔺相如随行，大将军廉颇\n带着军队做后盾。\n会见时，秦王要赵王鼓瑟。\n赵王不好推辞，鼓了一段。\n秦王叫人记录下来，说\n在渑池会上，赵王为秦王鼓瑟。\n蔺相如看秦王这样侮辱赵王，\n生气极了。他走到秦王面前，\n说：“请您为赵王击缶。”\n秦王拒绝了。蔺相如说：\n“您现在离我只有五步远。\n您不答应，我就跟您拼了！”\n秦王被逼得没法，只好敲了一下缶。\n蔺相如也叫人记录下来，说在渑池会上，\n秦王为赵王击缶。\n渑池之会，秦王没占到便宜。\n蔺相如又立了功，封为上卿，\n职位比廉颇高。\n廉颇很不服气，说：\n“我攻无不克，战无不胜，立下许多大功。\n他蔺相如有什么能耐，就靠一张嘴，\n反而爬到我头上去了。”\n蔺相如知道了，就请病假不上朝，\n不跟廉颇见面。\n有一天，蔺相如坐车出去，\n远远看见廉颇骑着马过来了，\n他赶紧叫车夫把车往回赶。\n蔺相如的门客们看不顺眼了，\n对蔺相如说：“您见了廉颇\n像老鼠见了猫似的，为什么要怕他呢！”\n蔺相如说：“秦国不敢进攻我们赵国，\n就因为武有廉颇，文有蔺相如。\n如果我们俩闹不和，就会削弱赵国的力量，\n秦国必然乘机来打我们。\n我所以避着廉将军，为的是我们赵国啊！”\n这话传到了廉颇的耳朵里，\n廉颇静下心来想了想，觉得自己为了争一口气，\n就不顾国家的利益，真不应该。\n于是，他脱下战袍，背上荆条，\n到蔺相如门上请罪。\n蔺相如见廉颇来负荆请罪，\n连忙热情地出来迎接。\n从此以后，他们俩成了好朋友，\n同心协力保卫赵国。');
INSERT INTO "articles" VALUES(212,'grade-5-vol-1','8 冀中的地道战','1942年到1944年，日本侵略军\n在冀中平原上“大扫荡”，\n还修筑了封锁沟和封锁墙，\n想搞垮我们的人民武装。\n为了粉碎敌人的“扫荡”，\n冀中人民在广阔平原上\n创造了地道战这一新兴的斗争方式。\n地道战是在抗日战争时期，\n在华北平原上抗日军民\n利用地道打击日本侵略者的作战方式。\n地道网各式各样，有的口外\n是陷阱，有的口内有卡口，\n有的备有滚木、毒气、地雷。\n地道里，每隔一段距离\n就有一个出气口，地道里\n还设有迷惑洞、防毒防烟洞等。\n人在地道里，既能生活，\n又能打击敌人。\n冀中平原上的人民，\n坚持了敌后游击战争，\n利用地道战这种方式，\n打击了敌人的嚣张气焰，\n显示了中国人民的无穷智慧\n和顽强斗志。');
INSERT INTO "articles" VALUES(213,'grade-5-vol-1','16 太阳','有这么一个传说，古时候，\n天上有十个太阳，晒得地面寸草不生。\n人们热得受不了，就找一个\n箭法很好的人射掉九个，\n只留下一个，地面上才不那么热了。\n其实，太阳离我们有一亿五千万千米远。\n到太阳上去，如果步行，\n日夜不停地走，差不多要走三千五百年；\n就是坐飞机，也要飞二十几年。\n这么远，箭哪能射得到呢？\n我们看到太阳，觉得它并不大，\n实际上它大得很，一百三十万个地球\n才能抵得上一个太阳。\n因为太阳离地球太远了，\n所以看上去只有一个盘子那么大。\n太阳会发光，会发热，是个大火球。\n太阳的温度很高，表面温度\n有五千五百摄氏度，就是钢铁\n碰到它，也会变成气体。\n太阳虽然离我们很远很远，\n但是它和我们的关系非常密切。\n有了太阳，地球上的庄稼和树木\n才能发芽，长叶，开花，结果；\n鸟、兽、虫、鱼才能生存，繁殖。\n如果没有太阳，地球上就不会有植物，\n也不会有动物。我们吃的粮食、\n蔬菜、水果、肉类，穿的棉、麻、\n毛、丝，都和太阳有密切的关系。\n埋在地下的煤炭，看起来好像\n跟太阳没有关系，其实离开太阳\n也不能形成，因为煤炭\n是由远古时代的植物埋在地层底下变成的。\n地面上的水被太阳晒着的时候，\n吸收了热，变成了水蒸气。\n空气上升时，温度下降，\n其中的水蒸气凝成了无数的小水滴，\n漂浮在空中，变成云。\n云层里的小水滴越聚越多，\n就变成雨或雪落下来。\n太阳晒着地面，有些地区吸收的热量多，\n那里的空气就比较热；\n有些地区吸收的热量少，\n那里的空气就比较冷。\n空气有冷有热，才能流动，\n成为风。\n太阳光有杀菌的能力，\n我们可以利用它来预防和治疗疾病。\n地球上的光明和温暖，\n都是太阳送来的。\n如果没有太阳，地球上\n将到处是黑暗，到处是寒冷，\n没有风、雪、雨、露，\n没有草、木、鸟、兽，自然也不会有人。\n一句话，没有太阳，\n就没有我们这个美丽可爱的世界。');
INSERT INTO "articles" VALUES(214,'grade-5-vol-1','17 松鼠','松鼠是一种漂亮的小动物，\n乖巧，驯良，很讨人喜欢。\n它们虽然有时也捕捉鸟雀，\n却不是肉食动物，常吃的是\n杏仁、榛子、榉实和橡栗。\n它们面容清秀，眼睛闪闪发光，\n身体矫健，四肢轻快，非常敏捷，\n非常机警。玲珑的小面孔，\n衬上一条帽缨形的美丽尾巴，\n显得格外漂亮。尾巴老是翘起来，\n一直翘到头上，自己就躲在尾巴底下歇凉。\n它们常常直竖着身子坐着，\n像人们用手一样，用前爪往嘴里送东西吃。\n可以说，松鼠最不像四足兽了。\n松鼠不躲藏在地底下，经常在高处活动，\n像飞鸟一样在树顶上飞落，\n在这一棵树上跳到那一棵树上。\n它们在树上做窝，摘果实，喝露水，\n只有树被风刮得太厉害了，\n才到地上来。在平原地区是很少看到松鼠的。\n它们不接近人的住宅，也不待在小树丛里，\n只喜欢住在高大的老树上。\n在清朗的夏夜，可以听到松鼠在树上\n跳着叫着，互相追逐。它们好像很怕强烈的日光，\n白天躲在窝里歇凉，晚上出来奔跑，\n玩耍，吃东西。\n松鼠不爱下水。有人说，\n松鼠横渡溪流的时候，用一块树皮当作船，\n用自己的尾巴当作帆和舵。\n松鼠不像山鼠那样，一到冬天就蛰伏不动。\n它们是十分警觉的，只要有人触动一下\n松鼠所在的大树，它们就从树上的窝里跑出来\n躲到树枝底下，或者逃到别的树上去。\n松鼠在秋天拾榛子，塞到老树空心的缝隙里，\n塞得满满的，留到冬天吃。\n在冬天，它们也常用爪子把雪\n扒开，在雪下面找榛子。\n松鼠的窝通常搭在树枝分杈的地方，\n又干净又暖和。它们搭窝的时候，\n先搬些小木片，错杂着放在一起，\n再用一些干苔藓编扎起来，\n然后把苔藓挤紧，踏平，\n使那建筑物足够宽敞，足够坚实。\n这样，它们可以带着儿女住在里面，\n既舒适又安全。窝口朝上，\n端端正正，很狭窄，勉强可以进出。\n窝口有一个圆锥形的盖，\n把整个窝遮蔽起来，下雨时雨水向四周流去，\n不至于落在窝里。\n松鼠通常一胎生三四个。\n小松鼠的毛是灰褐色的，\n过了冬就换毛，新换的毛是深红色的。\n它们用爪子和牙齿梳理全身的毛，\n身上总是光光溜溜、干干净净的。');
INSERT INTO "articles" VALUES(215,'grade-5-vol-1','23 鸟的天堂','我们吃过晚饭，热气已经退了。\n太阳落下了山坡，只留下一段灿烂的红霞\n在天边。我们走在乡间的小路上，\n心情是那么轻松，那么愉快。\n我们上了船，船离开码头，\n在河面上轻轻飘荡，\n最后我们看到了那棵大榕树。\n我们的船渐渐逼近榕树了。\n我有机会看清它的真面目，\n真是一株大树，枝干的数目不可计数。\n枝上又生根，有许多根直垂到地上，\n伸进泥土里。一部分树枝垂到水面，\n从远处看，就像一株大树卧在水面上。\n榕树正在茂盛的时期，\n好像把它的全部生命力展示给我们看。\n那么多的绿叶，一簇堆在另一簇上面，\n不留一点儿缝隙。那翠绿的颜色，\n明亮地照耀着我们的眼睛，\n似乎每一片绿叶上都有一个新的生命在颤动。\n这美丽的南国的树！\n船在树下泊了片刻。岸上很湿，\n我们没有上去。朋友说这里是“鸟的天堂”，\n有许多鸟在这树上做窝，\n农民不许人去捉它们。\n我仿佛听见几只鸟扑翅的声音，\n等我注意去看，却不见一只鸟的影儿。\n只有无数的树根立在地上，像许多根木桩。\n第二天，我们划着船到一个朋友的家乡去。\n那是个有山有塔的地方。\n从学校出发，我们又经过那“鸟的天堂”。\n这一次是在早晨。阳光照耀在水面，\n在树梢，一切都显得更加光明了。\n我们把船在树下泊了片刻。\n起初周围是静寂的。后来忽然起了一声鸟叫。\n我们把手一拍，便看见一只大鸟飞了起来。\n接着又是一只，接着又是一只。\n我们继续拍掌，树上就变得热闹了，\n到处都是鸟声，到处都是鸟影。\n大的，小的，花的，黑的，\n有的站在树枝上叫，有的飞起来，\n有的在扑翅膀。\n我注意地看着，眼睛应接不暇，\n看清楚了这只，又错过了那只，\n看见了那只，另一只又飞起来了。\n一只画眉鸟飞了出来，\n被我们的掌声一吓，\n又飞进了叶丛，站在一根小枝上兴奋地叫着，\n那歌声真好听。\n当小船向着高塔下面的乡村划去的时候，\n我回头看那被抛在后面的茂盛的榕树。\n我感到一点儿留恋。昨天是我的眼睛骗了我，\n那“鸟的天堂”的确是鸟的天堂啊！');
INSERT INTO "articles" VALUES(216,'grade-5-vol-1','7 什么比猎豹的速度更快','也许你跑得很快。\n不过要是你跟猎豹和鸵鸟赛跑的话，\n就一点儿赢的希望也没有了。\n人在奋力奔跑的时候，\n最大速度能够达到二十四千米每小时。\n这个速度跟鸵鸟比起来差远了——\n鸵鸟奔跑的最大速度约七十二千米每小时。\n在两条腿的动物里面，鸵鸟应该算是奔跑的世界冠军。\n比鸵鸟跑得更快的动物就要数猎豹了。\n猎豹奔跑的最大速度可达一百一十千米每小时。\n猎豹才是陆地上跑得最快的动物。\n但是游隼向下俯冲时的速度更快，\n超过三百二十千米每小时。\n这个速度是汽车在高速公路上飞速行驶时速度的两到三倍。\n它俯冲时的速度比任何一种动物奔跑时的速度都要快。\n不过，游隼还是没有飞机飞行的速度快。\n在喷气式飞机飞行的高度，\n声音传播的速度大约是一千零五十千米每小时，\n而一些高速喷气式飞机的飞行速度是声速的数倍。\n如果你对着一个以超音速移动的人大喊，\n他是什么都听不见的。\n因为声音根本就追不上他。\n乘坐喷气式飞机去旅行，\n速度绝对是够快的了。\n但是，如果你想到月球上去，\n就需要搭乘速度更快的工具了。\n对！我们需要一枚火箭。\n流星体是太空中一种较小的天体。\n有的流星体运动的最大速度能达到二十五万千米每小时，\n是火箭运动速度的六倍多。\n现在，你一定会认为流星体是人们所能见到的\n速度最快的物体。不过，还有比流星体\n运动速度快得多的东西，而且它就在我们身边。\n只要我们按下手电筒的开关，\n立刻会出现一束光柱。\n光的速度是惊人的，大约是三十万千米每秒，\n比流星体的速度要快几千倍！\n如果按照光速运动，我们一秒钟\n就可以沿着地球赤道转七圈多，\n真是令人难以置信！');
INSERT INTO "articles" VALUES(217,'grade-5-vol-1','9 猎人海力布','在咱们蒙古族，流传着一个动人的民间故事。\n从前有一个猎人，名叫海力布。\n他热心帮助别人，大家都非常尊敬他。\n有一天，海力布到深山去打猎，\n忽然听见天空中有喊救命的声音。\n他抬头一看，一只老鹰抓着一条小白蛇正从他头上飞过。\n他急忙搭箭开弓，对准老鹰射去。\n老鹰受了伤，丢下小白蛇逃跑了。\n海力布对小白蛇说：“可怜的小东西，快回家去吧！”\n小白蛇说：“敬爱的猎人，\n您是我的救命恩人，我要报答您。\n我是龙王的女儿，您跟我回去，\n我爸爸一定会重谢您的。\n我爸爸的宝库里有许多珍奇的珠宝，\n您要什么都可以。如果您都不喜欢，\n可以要我爸爸含在嘴里的那颗宝石。\n只要把这颗宝石含在嘴里，\n就能听懂各种动物说的话。”\n海力布想，珍奇的珠宝我都不稀罕，\n如果真能听懂动物说的话，那太好了。\n猎人海力布便跟着小白蛇到了龙宫。\n老龙王为了感谢他，要送给他许多珍宝，\n海力布都不要，只要龙王嘴里的那颗宝石。\n龙王就把嘴里的宝石吐出来，送给了海力布。\n海力布临走的时候，小白蛇跟了出来，\n再三叮嘱他说：“敬爱的猎人，\n您要记住，动物说的话，您什么都听得懂，\n但是，您千万不要对别人说。\n如果说了，您马上就会变成一块石头。”\n海力布有了这颗宝石，打猎方便极了。\n他把宝石含在嘴里，能听懂飞禽走兽的语言，\n能知道哪座山上有哪些动物。\n从此以后，他每次打猎回来，\n分给大家的猎物更多了。\n这样过了几年。有一天，\n海力布在深山里打猎，\n忽然听见一群鸟在议论。\n一只鸟说：“我们快飞走吧！\n今天晚上，这里的大山要崩塌，\n大地要被洪水淹没，不知道要淹死多少人呢！”\n海力布听到这个消息，大吃一惊。\n他急忙跑回家对大家说：\n“咱们赶快搬到别处去吧！\n这个地方不能住了！”\n大家听了很奇怪，住得好好的，\n为什么要搬家呢？海力布急得掉下眼泪，\n说：“我可以发誓，我说的话千真万确。\n相信我的话吧，赶快搬走！再晚就来不及了！”\n有个老人问：“海力布，你是我们的好邻居，\n我们知道你从来不说谎话。\n可是，你总得告诉我们，\n为什么要搬家，是什么时候知道的，\n是听谁说的？”海力布知道，\n要是不把怎么得到宝石，\n以及今晚要发生可怕灾难的经过说出来，\n大家是不会相信的。但是，\n如果说了，自己就会变成一块石头。\n海力布为了救乡亲们，\n他把宝石怎么得到，怎么听见一群鸟议论避难，\n以及为什么不能把听来的消息告诉别人，\n都原原本本照实说了。\n海力布刚说完，就变成了一块僵硬的石头。\n大家看见海力布变成了石头，\n都非常后悔，非常悲痛。\n他们含着眼泪，念着海力布的名字，\n扶着老人，领着孩子，赶着牛羊，\n往很远的地方走去。他们走在路上，\n忽然乌云密布，狂风怒号，\n接着就是倾盆大雨。半夜里，\n听见一声震天动地的巨响，大山崩塌了，\n地下涌出洪水，把他们住的村子淹没了。\n人们世世代代纪念海力布。\n据说现在还能在那儿看到那块叫“海力布”的石头呢。');
INSERT INTO "articles" VALUES(218,'grade-5-vol-1','10 牛郎织女(一)','古时候有个孩子，爹娘都死了，\n跟着哥哥嫂子过日子。\n哥哥嫂子待他很不好，\n叫他吃剩饭，穿破衣裳，\n夜里在牛棚里睡。他没名字，\n大家都叫他牛郎。\n牛郎照看那头牛挺周到。\n他总是挑最好的草地，\n让它吃又肥又嫩的青草；\n老牛也很知恩图报，\n农民们都说牛郎不仅是个好庄稼把式，\n还是个有孝心的孩子。\n一天，哥哥嫂子把牛郎叫到跟前，\n说：“牛郎，你长大了，\n应该成家立业了。你把这头牛牵走，\n再给你一辆破车，你以后就自己过日子吧。”\n牛郎听了，也没说什么，\n牵着牛，拉着破车，离开了家。\n他来到山前，盖了一间草房，\n在房前种了些庄稼，就这样安了家。\n一天晚上，牛郎正在牛棚里喂牛，\n忽然听见老牛说话了：“牛郎，\n明天黄昏的时候，你翻过右边那座山，\n山那边有一个湖，湖边有一片树林。\n在树林里，你会看见几个仙女在湖里洗澡。\n她们的衣裳放在草地上。\n你要捡起那件粉红色的纱衣，\n跑到树林里等着，跟你要衣裳的那个仙女，\n就是你的妻子。这个机会你可别错过了。”\n第二天黄昏，牛郎翻过山，\n果然看见湖边有几个仙女在洗澡。\n他悄悄地溜到草地上，捡起那件粉红色的纱衣，\n躲在树林里。仙女们洗完澡，\n准备穿衣裳回家。那个穿粉红色纱衣的仙女，\n发现衣裳不见了，急得哭了起来。\n这时候，牛郎从树林里走了出来，\n双手捧着那件纱衣，递给那个仙女。\n仙女见自己的衣裳在牛郎手里，\n红着脸，低着头，不好意思地接了过来。\n牛郎告诉仙女，他是怎么受哥哥嫂子虐待，\n怎么被赶出家门，怎么和老牛相依为命的。\n仙女听了，很同情牛郎，\n又见牛郎心眼好，勤劳，\n就答应做他的妻子。\n这个仙女就是织女。她是王母娘娘的外孙女，\n织得一手好彩锦。王母娘娘只要她织彩锦，\n不让她到人间来。这天下午，\n王母娘娘多喝了几杯酒，睡着了。\n织女和几个仙女想趁机到人间看看，\n就溜了出来。牛郎和织女结婚后，\n男耕女织，日子过得挺美满。\n两年后，织女生了一男一女。\n老牛临死的时候，对牛郎说：\n“我死了以后，你把我的皮剥下来留着，\n碰到紧急的事，你就披上我的皮……”\n老牛没说完就死了。牛郎忍着悲痛，\n剥下了牛皮，把老牛埋在山坡上。');
INSERT INTO "articles" VALUES(219,'grade-5-vol-1','11 牛郎织女(二)','王母娘娘醒来，发现织女不见了，\n派天兵天将去寻找。\n他们发现织女在人间和牛郎结了婚，\n还生了孩子，便回报王母娘娘。\n王母娘娘大发雷霆，\n亲自带领天兵天将，下凡到人间抓织女。\n这一天，牛郎正在地里干活，\n忽然听见家里两个孩子哭个不停。\n他急忙跑回家，只见两个孩子坐在地上，\n哭着喊“妈妈”，织女却不见了。\n牛郎知道织女被王母娘娘抓走了，\n便赶紧披上老牛皮，担起两个孩子，\n一出门就飞了起来。\n耳边的风呼呼直响，\n牛郎飞到了天上。他眼看就要追上织女了，\n王母娘娘拔下头上的玉簪往背后一划，\n霎时间，牛郎面前出现了一条波涛汹涌的天河。\n牛郎飞不过去，只能隔河相望，\n成了织女星和牵牛星。\n王母娘娘虽然惩罚了牛郎和织女，\n但是她拗不过他们之间的真挚情感，\n只得允许他们每年七月初七在鹊桥相会一次。\n每逢这一天，成群的喜鹊在天河上搭起一座桥，\n让牛郎和织女在桥上相会。\n据说，那天夜里，如果你躲在葡萄架下，\n还能听见牛郎和织女在鹊桥上说的悄悄话呢。');
INSERT INTO "articles" VALUES(220,'grade-5-vol-1','12 古诗三首','示儿 [宋]陆游\n死去元知万事空，但悲不见九州同。\n王师北定中原日，家祭无忘告乃翁。\n题临安邸 [宋]林升\n山外青山楼外楼，西湖歌舞几时休？\n暖风熏得游人醉，直把杭州作汴州。\n己亥杂诗 [清]龚自珍\n九州生气恃风雷，万马齐喑究可哀。\n我劝天公重抖擞，不拘一格降人才。');
INSERT INTO "articles" VALUES(221,'grade-5-vol-1','13 少年中国说(节选)','红日初升，其道大光。\n河出伏流，一泻汪洋。\n潜龙腾渊，鳞爪飞扬。\n乳虎啸谷，百兽震惶。\n鹰隼试翼，风尘吸张。\n奇花初胎，矞矞皇皇。\n干将发硎，有作其芒。\n天戴其苍，地履其黄。\n纵有千古，横有八荒。\n前途似海，来日方长。\n美哉我少年中国，与天不老！\n壮哉我中国少年，与国无疆！');
INSERT INTO "articles" VALUES(222,'grade-5-vol-1','14 圆明园的毁灭','圆明园的毁灭是祖国文化史上不可估量的损失，\n也是世界文化史上不可估量的损失！\n圆明园在北京西北郊，\n是一座举世闻名的皇家园林。\n它由圆明园、万春园和长春园组成，\n所以也叫圆明三园。\n此外，还有许多小园，分布在圆明园东、\n西、南三面，众星拱月般环绕在圆明园周围。\n圆明园中，有金碧辉煌的殿堂，\n也有玲珑剔透的亭台楼阁；\n有象征着热闹街市的“买卖街”，\n也有象征着田园风光的山乡村野。\n园中许多景物都是仿照各地名胜建造的，\n如海宁的安澜园、苏州的狮子林、\n杭州西湖的平湖秋月；\n还有很多景物是根据古代诗人的诗情画意建造的，\n如蓬岛瑶台、武陵春色。\n园中不仅有民族建筑，\n还有西洋景观。漫步园内，\n有如漫游在天南海北，\n饱览着中外风景名胜；流连其间，\n仿佛置身在幻想的境界里。\n圆明园不但建筑宏伟，\n还收藏着最珍贵的历史文物：\n上自先秦时代的青铜礼器，\n下至唐、宋、元、明、清历代的名人书画\n和各种奇珍异宝。\n所以，它又是当时世界上最大的博物馆、艺术馆。\n1860年10月6日，英法联军侵入北京，\n闯进圆明园。他们把园内凡是能拿走的东西，\n统统掠走；拿不动的，就用大车或牲口搬运；\n实在运不走的，就任意破坏、毁掉。\n为了销毁罪证，10月18日和19日，\n三千多名侵略者奉命在园内放火。\n大火连烧三天，烟云笼罩了整个北京城。\n我国这一园林艺术的瑰宝、建筑艺术的精华，\n就这样化为一片灰烬。');
INSERT INTO "articles" VALUES(223,'grade-5-vol-1','15 小岛','一踏上小岛，将军就看到了一幅\n奇怪的画：一轮红红的太阳，\n照着蔚蓝的海洋，\n海洋中有一个名为“中国”的小岛。\n将军审视着，心想：这幅画是谁画的呢？\n将军在岛上转了一圈，\n也没看到什么新鲜东西。\n他问身边的队长：“那幅画是谁画的？”\n队长敬了个礼，说：“报告将军，\n那是我们一位战士画的。”\n“他在哪儿？带我去见他！”\n队长把将军带到一位年轻战士面前。\n战士正在整理菜地。将军问他：\n“那幅画是你画的吗？”\n战士不好意思地笑了，点点头。\n将军又问：“你为什么要画这幅画呢？”\n战士说：“因为我爱我们的小岛，\n爱我们的祖国。我想把小岛\n画得更美一些，把祖国画得更美一些。”\n将军听了，高兴地握住战士的手，说：\n“画得好！画得好！”\n晚饭时间到了，战士们把饭菜端上桌。\n将军发现桌上有一盘小白菜，\n那小白菜翠绿翠绿的，\n在烛光下显得格外诱人。\n将军奇怪地问：“岛上不是\n寸草不生吗？这小白菜是哪里来的？”\n队长说：“这是战士们从老家\n背来的土，在上面种的。”\n将军看着那盘小白菜，\n久久没有动筷子。他深情地看着战士们，\n说：“同志们，你们辛苦了！”\n将军重重地放下筷子，\n起身向战士们敬了一个军礼。');
INSERT INTO "articles" VALUES(224,'grade-5-vol-1','18 慈母情深','我一直想买《青年近卫军》，\n想得整天失魂落魄。\n我来到母亲工作的地方，\n七八十台缝纫机发出的噪声震耳欲聋。\n我穿过一排排缝纫机，\n走到那个角落，看见一个极其瘦弱的脊背\n弯曲着，头凑到缝纫机板上。\n周围几只灯泡烤着我的脸。\n“妈——”\n“妈——”\n背直起来了，我的母亲。\n转过身来了，我的母亲。\n褐色的口罩上方，一对眼神疲惫的眼睛\n吃惊地望着我，我的母亲……\n母亲说完，立刻又坐了下去，\n立刻又弯曲了背，立刻又将头俯在\n缝纫机板上了，立刻又陷入了忙碌……\n那一天我第一次发现，\n母亲原来是那么瘦小！\n那一天我第一次觉得自己长大了，\n应该是一个大人了。\n我鼻子一酸，攥着钱跑了出去……\n那天，我用那一元五角钱给母亲买了一听水果罐头。\n“你这孩子，谁叫你给我买水果罐头的！\n不是你说买书，妈才舍不得给你这么多钱呢！”\n那一天，母亲数落了我一顿。\n数落完，又给我凑足了买《青年近卫军》的钱。\n就这样，我有了第一本长篇小说……');
INSERT INTO "articles" VALUES(225,'grade-5-vol-1','19 父爱之舟','是昨夜梦中的经历吧，我刚刚梦醒！\n朦胧中，父亲和母亲在半夜起来，\n含着泪，为我做饭，\n是为我辞行。我在梦中\n看见了姑爹的那只小小渔船。\n父亲送我到学校去，\n多半是雇姑爹的渔船。\n渔船上，父亲和我对面坐着，\n我们吃着母亲做的饭菜，\n船外，是江南水乡的景色。\n我看着父亲微驼的背影，\n看着他那被太阳晒得黝黑的脸，\n看着他那双布满老茧的手，\n我的泪水模糊了双眼。\n父亲为了供我读书，\n不知吃尽了多少苦头。\n为了省钱，父亲住旅馆时，\n总是挑最便宜的。\n有一次，父亲带我去报考师范学校，\n我们住在一家简陋的客栈里。\n半夜，我被臭虫咬醒了，\n父亲也醒了，他点了灯，\n帮我抓臭虫。我看着父亲\n弯腰抓臭虫的样子，心里很不是滋味。\n后来，我考上了师范学校。\n父亲很高兴，他特意去买了几斤\n我爱吃的枇杷，送给我。\n父亲把枇杷递给我时，\n我看见他的手在微微颤抖。\n我知道，那是因为他太累了，\n也是因为他太激动了。\n我接过枇杷，紧紧地握住父亲的手，\n久久说不出话来。\n父亲走了，我看着他远去的背影，\n泪水又一次模糊了我的双眼。\n几十年来，父亲对我的爱，\n就像那只小小的渔船，\n一直承载着我，驶向远方……');
INSERT INTO "articles" VALUES(226,'grade-5-vol-1','20 “精彩极了”和“糟糕透了”','记得七八岁的时候，我写了第一首诗。\n母亲一念完那首诗，眼睛亮亮地，\n兴奋地嚷着：“巴迪，真是你写的吗？\n多美的诗啊！精彩极了！”\n她搂住了我，赞扬声雨点般落到我身上。\n我既腼腆又得意，点头告诉她\n这首诗确实是我写的。她高兴得\n再次拥抱了我。“妈妈，\n爸爸晚上回来吗？”我问。\n“我想他晚上七点钟能回来。”母亲说。\n七点。七点一刻。七点半。\n父亲还没有回来。我实在等不及了。\n我敬仰我的父亲。他是一家影视公司的重要人物，\n写过很多剧本。他一定会比母亲更加赞赏我这首精彩的诗。\n快到八点钟时，父亲终于推门而入。\n他进了饭厅，目光被餐桌上的\n那首诗吸引住了。“这是什么？”\n他伸手拿起了我的诗。\n“亲爱的，发生了一件奇妙的事。\n巴迪写了一首诗，精彩极了……”\n母亲上前说道。“对不起，\n我自己会判断的。”父亲开始读诗。\n我把头埋得低低的。诗只有十行，\n可我觉得他读了几个小时。\n“我看这首诗糟糕透了。”父亲把诗扔回原处。\n我的头沉重地抬不起来。\n“亲爱的，我真不懂你是什么意思！”\n母亲嚷道，“这不是在你的公司里。\n巴迪还是个孩子，这是他写的第一首诗，\n他需要鼓励。”\n“我不明白，”父亲并不退让，\n“难道这世界上糟糕的诗还不够多吗？”\n我再也受不了了。我冲出饭厅，\n跑进自己的房间，扑在床上失声痛哭起来。\n几年后，当我再拿起那首诗，\n不得不承认父亲是对的，\n那的确是一首相当糟糕的诗。\n不过母亲还是一如既往地鼓励我。\n因此我一直在写作。一旦发现我\n有什么新的作品，母亲便会大加赞赏。\n而我必须承认，她经常说得过火。\n一个作家，应该说生活中的每一个人，\n都需要来自母亲的力量，\n这种爱的力量是灵感和创作的源泉。\n但是仅有这个是不全面的，\n它可能会把人引入歧途。\n所以还需要警告的力量来平衡，\n需要有人时常提醒你：“小心，\n注意，总结，提高。”\n这些年来，我少年时代听到的\n两种声音一直交织在我的耳际：\n“精彩极了”，“糟糕透了”；\n“精彩极了”，“糟糕透了”……\n它们像两股风不断地向我吹来。\n我谨慎地把握住我生活的小船，\n使它不被哪一股风刮倒。\n我从心底里知道，“精彩极了”也好，\n“糟糕透了”也好，这两个极端的断言\n有一个共同的出发点——那就是爱。\n在爱的鼓舞下，我努力地向前驶去。');
INSERT INTO "articles" VALUES(227,'grade-5-vol-1','21 古诗词三首','山居秋暝 [唐]王维\n空山新雨后，天气晚来秋。\n明月松间照，清泉石上流。\n竹喧归浣女，莲动下渔舟。\n随意春芳歇，王孙自可留。\n枫桥夜泊 [唐]张继\n月落乌啼霜满天，江枫渔火对愁眠。\n姑苏城外寒山寺，夜半钟声到客船。\n长相思 [清]纳兰性德\n山一程，水一程，身向榆关那畔行，\n夜深千帐灯。风一更，雪一更，\n聒碎乡心梦不成，故园无此声。');
INSERT INTO "articles" VALUES(228,'grade-5-vol-1','22 四季之美','春天最美是黎明。\n东方一点儿一点儿泛着鱼肚白，\n染上微微的红晕，飘着红紫红紫的彩云。\n夏天最美是夜晚。\n明亮的月夜固然美，漆黑漆黑的暗夜，\n也有无数的萤火虫翩翩飞舞。\n即使是蒙蒙细雨的夜晚，\n也有一只两只萤火虫，\n闪着朦胧的微光在飞行，\n这情景着实迷人。\n秋天最美是黄昏。\n夕阳斜照西山时，\n动人的是点点归鸦急急匆匆地朝窠里飞去。\n成群结队的大雁，在高空中比翼而飞，\n更是叫人感动。夕阳西沉，\n夜幕降临，那风声、虫鸣，听起来也愈发叫人心旷神怡。\n冬天最美是早晨。\n落雪的早晨当然美，\n就是在遍地铺满白霜的早晨，\n或是在无雪无霜的凛冽的清晨，\n也要生起熊熊的炭火，手捧着暖和的火盆\n穿过走廊时，那闲逸的心情和这寒冷的冬晨\n多么和谐啊！只是到了中午，\n寒气渐退，火盆里的火炭，\n大多变成了一堆白灰，这未免令人有点儿扫兴。');
INSERT INTO "articles" VALUES(229,'grade-5-vol-1','24 月迹','我们这些孩子，什么都觉得新鲜，\n又常常什么都觉得不满足。\n中秋的夜里，我们在院子里盼着月亮，\n好久却不见出来，便坐回中堂里，\n放了竹窗帘儿闷着，缠奶奶说故事。\n奶奶是会说故事的，说了一个，\n还要再说一个……奶奶突然说：\n“月亮进来了！”\n我们看时，那竹窗帘儿里，\n果然有了月亮，款款地悄没声儿地溜进来，\n出现在窗前的穿衣镜上了：\n原来月亮是长了腿的，爬着那竹帘格儿，\n先是一个白道儿，再是半圆，\n渐渐地爬得高了，穿衣镜上的圆便满盈了。\n我们都高兴起来，又都屏气儿不出，\n生怕那是个尘影儿变的，会一口气吹跑了呢。\n月亮还在竹帘儿上爬，\n那满圆却慢慢儿又亏了，末了，\n便全没了踪迹，只留下一个空镜，\n一个失望。奶奶说：\n“它走了，它是匆匆的；\n你们快出去寻月吧。”\n我们就都跑出门去，它果然就在院子里，\n但再也不是那么一个满满的圆了，\n尽院子的白光，是玉玉的，银银的，\n灯光也没有这般亮的。\n院子的中央处，是那棵粗粗的桂树，\n疏疏的枝，疏疏的叶，桂花还没有开，\n却有了累累的骨朵儿了。\n我们都走近去，不知道那个满圆儿去哪儿了，\n却疑心这骨朵儿是繁星儿变的；\n抬头一看，他都在树梢上了，\n那里弹弹的，大大的，\n亮亮的，圆圆的。\n我们都仰着头，看着，\n说了声：“啊，奶奶，\n月亮在这里呢！”\n“月亮是我们大家的。”\n奶奶从屋里出来说。\n我们便很惊讶：\n“它是属于我们每个人的？”\n“对，是属于我们每个人的。”\n奶奶说，“不信，你们看看，\n你们的眼睛里都有一个呢！”\n我们面面相觑了，\n每个人眼瞳里真的都有一个！');
INSERT INTO "articles" VALUES(230,'grade-5-vol-1','25 古人谈读书','敏而好学，不耻下问。\n知之为知之，不知为不知，是知也。\n默而识之，学而不厌，诲人不倦。\n余尝谓：读书有三到，\n谓心到、眼到、口到。\n心不在此，则眼不看仔细，\n心眼既不专一，却只漫浪诵读，\n决不能记，记亦不能久也。\n三到之中，心到最急。\n心既到矣，眼口岂不到乎？\n盖士人读书，第一要有志，\n第二要有关，第三要有恒。\n有志则断不甘为下流；\n有识则知学问无尽，不敢以一得自足，\n如河伯之观海，如井蛙之窥天，\n皆无识者也；有恒者则断无不成之事。\n此三者缺一不可。');
INSERT INTO "articles" VALUES(231,'grade-5-vol-1','26 忆读书','一谈到读书，我的话就多了！\n我自从会认字后不到几年，\n就开始读书。倒不是四岁时读母亲教给我的商务印书馆出版的国文教科书，\n而是七岁时开始自己读的“话说天下大势，\n分久必合，合久必分……”的《三国演义》。\n那时，我的舅父杨子敬先生每天都在读这本书，\n虽然我对他手里的那本书很感兴趣，\n但是只认得几个字，看也看不懂。\n舅父就给我讲了许多书中的故事。\n听了舅父的讲述，我更想自己读书了。\n于是，我硬着头皮读下去，\n居然越看越懂，越看越有兴味。\n从那以后，我读了许多书。\n我读《水浒传》，读《红楼梦》，\n读《西游记》，读《封神演义》……\n读了那么多书，我得出了一个结论：\n读书好，多读书，读好书。\n书看多了，我也会挑选、比较。\n比如《三国演义》和《水浒传》，\n我就比较喜欢《水浒传》。\n因为《三国演义》里的人物\n写的太脸谱化了，好人好到底，\n坏人坏到头；而《水浒传》里的人物\n写得生动、鲜明，像武松、\n鲁智深、李逵等，都给我留下了深刻的印象。\n对于现代的文艺作品，\n我也读过不少。鲁迅、巴金、\n老舍等名家的作品，\n我都非常喜欢。他们的书，\n不仅文字优美，而且思想深刻，\n读了能让人明白许多做人的道理。\n总之，读书是我生命中\n最大的快乐。我愿意把这个快乐\n分享给每一个人。');
INSERT INTO "articles" VALUES(232,'grade-5-vol-1','27 我的“长生果”','书，被人们称为人类文明的“长生果”。\n这个比喻，我觉得特别亲切。\n像蜂蝶飞过花丛，像泉水流经山谷，\n我每忆及少年时代，\n就禁不住涌起愉悦之情。\n在记忆的心扉中，\n少年时代的读书生活恰似一幅\n流光溢彩的画页，也似一阕\n跳跃着欢快音符的乐章。\n我最早的读物是“香烟人”画片。\n那是印在香烟盒里的小画片，\n正面印着彩色的画，背面印着\n说明文字。我收集了许多这样的画片，\n把它们一张张贴在纸上，\n装订成小册子。我常常\n津津有味地看，还把上面的\n故事讲给伙伴们听。\n后来，我读了一些连环画，\n如《三毛流浪记》《水浒传》等。\n这些书，我看得如醉如痴。\n渐渐地，连环画已经不能满足\n我的求知欲了。我开始读\n文字书。我读的第一本文字书\n是《安徒生童话》。\n那里面，卖火柴的小女孩的\n悲惨命运，丑小鸭的曲折经历，\n都深深地打动了我。\n随着年龄的增长，我读的书\n越来越多。我读《西游记》，\n读《三国演义》，读《水浒传》，\n读《红楼梦》……\n阅读，让我开阔了眼界，\n增长了知识，也懂得了许多做人的道理。\n阅读，还提高了我的写作能力。\n我写作文时，常常能\n引经据典，妙笔生花。\n老师和同学们都夸我是个“小才女”。\n书，真是我的“长生果”啊！\n我愿意永远和书做朋友，\n在书的海洋里遨游，\n汲取无穷的智慧和力量。');
INSERT INTO "articles" VALUES(233,'grade-5-vol-2','1 古诗三首','四时田园杂兴 [宋]范成大\n昼出耘田夜绩麻，村庄儿女各当家。\n童孙未解供耕织，也傍桑阴学种瓜。\n稚子弄冰 [宋]杨万里\n稚子金盆脱晓冰，彩丝穿取当银钲。\n敲成玉磬穿林响，忽作玻璃碎地声。\n村晚 [宋]雷震\n草满池塘水满陂，山衔落日浸寒漪。\n牧童归去横牛背，短笛无腔信口吹。');
INSERT INTO "articles" VALUES(234,'grade-5-vol-2','2 祖父的园子','我家有一个大花园，这花园里蜜蜂、\n蝴蝶、蜻蜓、蚂蚱，样样都有。\n蝴蝶有白蝴蝶、黄蝴蝶。\n这种蝴蝶小，不太好看。\n好看的是大红蝴蝶，满身带着金粉。\n蜻蜓是金的，蚂蚱是绿的。\n蜜蜂则嗡嗡地飞着，满身绒毛，\n落到一朵花上，胖乎乎，圆滚滚，\n就像一个小毛球，停在上面一动不动了。\n花园里边明晃晃的，红的红，\n绿的绿，新鲜漂亮。\n据说这花园，从前是一个果园。\n祖母喜欢养羊，羊把果树给啃了，\n果树渐渐地都死了。\n到我有记忆的时候，园子里还有\n一棵樱桃树、一棵李子树，\n因为樱桃和李子都不大结果子，\n所以觉得它们并不存在。\n小的时候，只觉得园子里边\n就有一棵大榆树。这榆树在园子的西北角上，\n来了风，榆树先呼叫，来了雨，\n榆树先冒烟。太阳一出来，\n榆树的叶子就发光了，\n它们闪烁得和沙滩上的蚌壳一样。\n祖父整天都在园子里，我也跟着他在里面转。\n祖父戴一顶大草帽，我戴一顶小草帽；\n祖父栽花，我就栽花；祖父拔草，\n我就拔草。祖父种小白菜的时候，\n我就在后边，用脚把那下了种的土窝\n一个一个地溜平。其实，\n不过是东一脚西一脚地瞎闹。\n有时不但没有盖上菜种，反而把它踢飞了。\n祖父铲地，我也铲地。因为我太小，\n拿不动锄头杆，祖父就把锄头杆拔下来，\n让我单拿着那个锄头的“头”来铲。\n其实哪里是铲，不过是伏在地上，\n用锄头乱钩一阵。我认不得哪个是苗，\n哪个是草，往往把谷穗当做野草割掉，\n把狗尾草当做谷穗留着。');
INSERT INTO "articles" VALUES(235,'grade-5-vol-2','5 草船借箭','周瑜对诸葛亮心怀妒忌。\n有一天，周瑜请诸葛亮商议军事，\n说：“我们就要跟曹军交战。\n水上交战，用什么兵器最好？”\n诸葛亮说：“用弓箭最好。”\n周瑜说：“对，先生跟我想的一样。\n现在军中缺箭，想请先生负责赶造十万支。\n这是公事，希望先生不要推却。”\n诸葛亮说：“都督委托，当然照办。\n不知道这十万支箭什么时候用？”\n周瑜问：“十天造得好吗？”\n诸葛亮说：“既然就要交战，十天造好，\n必然误了大事。”周瑜问：\n“先生预计几天可以造好？”\n诸葛亮说：“只要三天。”\n周瑜说：“军情紧急，可不能开玩笑。”\n诸葛亮说：“怎么敢跟都督开玩笑？\n我愿意立下军令状，三天造不好，\n甘受惩罚。”周瑜很高兴，\n叫诸葛亮当面立下军令状，又摆了酒席招待他。\n诸葛亮说：“今天来不及了。\n从明天起，到第三天，\n请派五百个军士到江边来搬箭。”\n诸葛亮喝了几杯酒就走了。\n鲁肃对周瑜说：“十万支箭，\n三天怎么造得成呢？诸葛亮说的是假话吧？”\n周瑜说：“是他自己说的，我可没逼他。\n我得吩咐军匠们，叫他们故意迟延，\n造箭用的材料，不给他准备齐全。\n到时候造不成，定他的罪，\n他就没话可说了。你去探听探听，\n看他怎么打算，回来报告我。”\n鲁肃见了诸葛亮。诸葛亮说：\n“三天之内要造十万支箭，得请你帮帮我的忙。”\n鲁肃说：“都是你自己找的，\n我怎么帮得了你的忙？”\n诸葛亮说：“你借给我二十条船，\n每条船上要三十名军士。\n船用青布幔子遮起来，还要一千多个草把子，\n排在船的两边。我自有妙用。\n第三天管保有十万支箭。\n不过不能让都督知道。\n他要是知道了，我的计划就完了。”');
INSERT INTO "articles" VALUES(236,'grade-5-vol-2','10 青山处处埋忠骨','中南海，毛主席的卧室。\n写字台上，放着那封从朝鲜前线\n志愿军司令部发来的，\n由司令员彭德怀拟定的电报。\n我们今日7时已进入防空洞，\n毛岸英同3个参谋在房子内。\n11时敌机4架经过时，他们4人已出来。\n敌机过后，他们4人返回房子内，\n忽又来敌机4架，投下近百枚燃烧弹，\n命中房子，当时有二名参谋跑出，\n毛岸英及高瑞欣未及跑出被烧死。\n其他无损失。\n从见到这封电报起，毛泽东整整一天\n没说一句话，只是一支接着一支地吸着烟。\n桌子上的饭菜已经热了几次。\n岸英是毛主席最心爱的长子，\n毛主席在他身上倾注了无限的父爱。\n当年，地下党的同志们冒着生命危险\n找到了岸英，把他送到毛主席身边。\n后来岸英去苏联留学，回国后\n毛泽东又亲自把爱子送到农村锻炼。\n那一次次的分离，岸英不都\n平平安安回到自己的身边来了吗？\n这次怎么会……“岸英！岸英！”\n毛主席用食指按着紧锁的眉头，\n情不自禁地喃喃着。\n秘书走了进来。“主席，\n志愿军司令部来电请示中央军委，\n是否将岸英的遗骨运回国内。”\n秘书凑近毛主席，轻声说：\n“朝鲜方面向主席表示慰问，\n说岸英同志是为朝鲜人民的解放事业牺牲的，\n也是朝鲜人民的儿子，\n要求把岸英安葬在朝鲜。”\n毛主席不由自主地站了起来，\n仰起头，望着天花板，强忍着心中的悲痛，\n目光中流露出无限的眷恋。');
INSERT INTO "articles" VALUES(237,'grade-5-vol-2','11 军神','重庆临江门外，一个德国人开设的诊所里，\n医生沃克端坐在桌后。\n他头也不抬，冷冷地问：\n“你叫什么名字？”\n“刘大川。”\n“年龄？”\n“二十四岁。”\n“什么病？”\n“土匪打伤了眼睛。”\n沃克医生站起身，熟练地打开病人\n右眼上的绷带。他愣住了，\n蓝色的眼睛里闪出惊疑的神情。\n他重新审视着眼前这个人，冷冷地问：\n“你的眼睛是怎么掉的？”\n“土匪打的。”\n“不是！你是军人！”沃克医生一针见血地说，\n“我当过军医，这么重的伤势，\n只有军人才能这样从容镇定！”\n病人微微一笑，说：“沃克医生，\n你说我是军人，我就是军人吧。”\n沃克医生的目光柔和了，\n他吩咐护士：“准备手术。”\n病人拒绝使用麻醉剂。\n沃克医生再一次愣住了，竟有点口吃地说：\n“你，你能忍受吗？\n你的右眼需要摘除坏死的眼珠，\n把烂肉和新生的息肉一刀刀割掉！”\n“试试看吧。”\n手术台上，一向从容镇定的沃克医生，\n这次双手却有些颤抖，\n他额上汗珠滚滚，护士帮他擦了一次又一次。\n最后，他忍不住对病人说：\n“你挺不住可以哼叫。”\n病人一声不吭，他的双手紧紧抓住\n身下的白床单，手背青筋暴起，\n汗如雨下。他越来越使劲，\n崭新的白床单居然被抓破了。\n脱去手术服的沃克医生擦着汗走过来，\n由衷地说：“年轻人，我真担心你会晕过去。”\n病人脸色苍白。他勉强一笑，说：\n“我一直在数你的刀数。”\n沃克医生吓了一跳，不相信地问：\n“我割了多少刀？”\n“七十二刀。”\n沃克医生惊呆了，大声嚷道：\n“你是一个真正的男子汉，一块会说话的钢板！\n你堪称军神！”');
INSERT INTO "articles" VALUES(238,'grade-5-vol-2','15 自相矛盾','楚人有鬻盾与矛者，\n誉之曰：“吾盾之坚，物莫能陷也。”\n又誉其矛曰：“吾矛之利，\n于物无不陷也。”\n或曰：“以子之矛陷子之盾，何如？”\n其人弗能应也。\n夫不可陷之盾与无不陷之矛，\n不可同世而立。');
INSERT INTO "articles" VALUES(239,'grade-5-vol-2','16 田忌赛马','孙膑是齐国大将田忌的门客，\n田忌对他非常赏识。\n田忌经常同齐威王及贵族们赛马。\n孙膑看了几场比赛后发现，\n大家的马脚力相差不多，\n而且都能分成上、中、下三等。\n一天，孙膑对田忌说：“将军，\n我有个办法，保证能让您在赛马时获胜。”\n田忌问道：“你是说换几匹更好的马？”\n孙膑说：“一匹也不用换。”\n田忌有些不信：“那怎么能赢呢？”\n孙膑胸有成竹地说：“将军请放心，\n按照我的主意办，一定能让您赢。”\n田忌很信任孙膑，决定全听他的。\n一声锣响，赛马开始了。\n孙膑让田忌先用下等马对齐威王的上等马，\n第一场输了。\n接着进行第二场比赛。\n孙膑让田忌用上等马对齐威王的中等马，\n胜了第二场。田忌微微一笑。\n第三场，田忌用中等马对齐威王的下等马，\n又胜了一场。田忌满意地笑了。\n比赛结束了。田忌胜两场输一场，\n赢了齐威王。\n齐威王好奇地问田忌：\n“你这样安排马的出场顺序，\n是不是有人给你出谋划策了？”\n田忌如实相告，并引荐了孙膑。\n后来，齐威王任命孙膑为军师。');
INSERT INTO "articles" VALUES(240,'grade-5-vol-2','18 威尼斯的小艇','威尼斯是世界闻名的水上城市，\n河道纵横交叉，小艇成了主要的交通工具，\n等于大街上的汽车。\n威尼斯的小艇有二三十英尺长，\n又窄又深，有点儿像独木舟。\n船头和船艄向上翘起，像挂在天边的新月，\n行动轻快灵活，仿佛田沟里的水蛇。\n我们坐在船舱里，皮垫子软软的像沙发一般。\n小艇穿过一座座形式不同的石桥。\n我们打开窗帘，望望耸立在两岸的古建筑，\n跟来往的船只打招呼，有说不完的情趣。\n船夫的驾驶技术特别好。\n行船的速度极快，来往船只很多，\n他操纵自如，毫不手忙脚乱。\n不管怎么拥挤，他总能左拐右拐地挤过去。\n遇到极窄的地方，他总能平稳地穿过，\n而且速度非常快，还能作急转弯。\n两边的建筑飞一般地往后倒退，\n我们的眼睛忙极了，不知看哪一处好。\n商人夹了大包的货物，\n匆匆地走下小艇，沿河做生意。\n青年妇女在小艇里高声谈笑。\n许多孩子由保姆伴着，\n坐着小艇到郊外去呼吸新鲜的空气。\n庄严的老人带了全家，\n夹了圣经，坐着小艇上教堂去做祷告。\n半夜，戏院散场了，一大群人拥出来，\n走上了各自雇定的小艇。\n簇拥在一起的小艇一会儿就散开了，\n消失在弯曲的河道中，\n传来一片哗笑和告别的声音。\n水面上渐渐沉寂，只见月亮的影子在水中摇晃。\n高大的石头建筑耸立在河边，\n古老的桥梁横在水上，\n大大小小的船都停泊在码头上。\n静寂笼罩着这座水上城市，\n古老的威尼斯又沉沉地入睡了。');
INSERT INTO "articles" VALUES(241,'grade-5-vol-2','21 杨氏之子','梁国杨氏子九岁，甚聪惠。\n孔君平诣其父，父不在，乃呼儿出。\n为设果，果有杨梅。\n孔指以示儿曰：“此是君家果。”\n儿应声答曰：“未闻孔雀是夫子家禽。”');
INSERT INTO "articles" VALUES(242,'grade-5-vol-2','3 月是故乡明','每个人都有个故乡，\n人人的故乡都有个月亮。\n人人都爱自己故乡的月亮。\n事情大概就是这个样子。\n我的故乡在山东西北部大平原上。\n我小的时候，从来没有见过山，\n也不知山为何物。\n我那里，显赫的大家族大\n概很少，互相攀比的风气\n似乎也不太盛行。在月光下，\n我们这些孩子，在场院里\n或者在巷子里玩耍，\n常常有三五十个之多。\n大家捉迷藏，玩“摸秋”，\n或者听老人讲故事。\n我的那些快乐的童年，\n是在月光下度过的。\n在济南的十几年里，我\n看惯了苍山上的月亮，\n看惯了大明湖的月亮，\n看惯了趵突泉的月亮，\n看惯了珍珠泉的月亮。\n这些月亮应该说都是美妙绝伦的，\n我都非常喜欢。但是，\n看到它们，我立刻就想到\n我故乡苇坑里的那个\n平凡的小月亮。对比之下，\n无论如何我也感到，\n这些广阔世界的大月亮，\n万万比不上我那心爱的小月亮。\n不管我离开我的故乡多少远，\n我的心立刻就飞回去了。\n我的小月亮，我永远忘不掉你！');
INSERT INTO "articles" VALUES(243,'grade-5-vol-2','4 梅花魂','故乡的梅花又开了。\n那朵朵冷艳、缕缕幽芳的梅花，\n总让我想起漂泊他乡、\n葬身异国的外祖父。\n我出生在东南亚的星岛，\n从小和外祖父生活在一起。\n外祖父年轻时读了不少经、史、\n诗、词，又能书善画，\n在星岛文坛颇负盛名。\n我很小的时候，外祖父\n教我读唐诗宋词，读到\n“独在异乡为异客，每逢佳节倍思亲”\n“春草明年绿，王孙归不归”\n“自在飞花轻似梦，无边丝雨细如愁”\n之类的句子，常会有一颗\n两颗冰凉的泪珠落在我的腮边、\n手背。我那时还不懂事，\n问外祖父：“您读得好好的，\n怎么哭啦？”外祖父总是摇摇头，\n长叹一声，说：“莺儿，\n你还小呢，不懂！”\n外祖父家中有不少古玩，\n我偶尔摆弄，老人也不甚在意。\n唯独书房里那一幅墨梅图，\n他分外爱惜，家人碰也碰不得。\n我五岁那年，有一回\n从书房里跑出来，\n手里拿着一枝干梅花，\n兴冲冲地寻找外祖父。\n外祖父见了，却阴沉着脸，\n一把夺过去，训斥我：\n“谁叫你碰它的？这是\n老祖宗留下的，你也配拿！”\n我吓得大哭起来。\n外祖父见我哭了，叹口气，\n拉着我的手，轻轻拭去我\n脸上的泪水，说：“莺儿，\n你知道吗？这梅花，是我们\n中国最有名的花。旁的花，\n大抵是春暖才开花。\n她却不一样，愈是寒冷，\n愈是风欺雪压，花开得\n愈精神，愈秀气。她是最有品格、\n最有灵魂、最有骨气的！\n几千年来，我们中华民族\n出了许多有气节的人物，\n他们不管历经多少磨难，\n不管受到怎样的欺凌，\n从来都是顶天立地，不肯低头折节。\n他们就像这梅花一样。\n一个中国人，无论在怎样的境遇里，\n总要有梅花的秉性才好！”\n回国那一天，外祖父\n特意把我叫到书房，\n郑重地递给我一卷白绫，\n打开一看，就是那幅\n他最为珍爱的墨梅图。\n“这幅画，留给你做个纪念吧！”\n外祖父呜咽着，\n“我年纪大了，回不去了。\n这梅花，是你外祖父的心啊！”\n我回到祖国已经好多年了，\n每当看到这幅墨梅图，\n就会想起外祖父眼含泪花\n对我说的话，想起他\n那眷恋祖国的心。');
INSERT INTO "articles" VALUES(244,'grade-5-vol-2','6 景阳冈','武松在路上行了几日，\n来到阳谷县地面。此间午后，\n他走得肚中饥渴，望见前面\n有一个酒店，挑着一面招旗，\n上头写着五个字：“三碗不过冈”。\n武松走进店里坐下，\n把梢棒倚了，叫道：“主人家，\n快把酒来吃。”店家拿了三只碗，\n一双箸，一桶酒，一斤熟牛肉，\n都摆在面前。\n武松吃了三碗，便起身\n拿了梢棒，在一边去看那\n官府榜文。上面写着：\n“近因景阳冈大虫伤人，\n但有过往客商，可于巳、\n午、未三个时辰，结伙成队过冈。\n请勿自误。”武松读了印信榜文，\n方知端的有虎。武松想：\n“怕什么！且只顾上去，\n看怎地！”\n武松走了一程，酒力发作，\n焦热起来，一只手提着梢棒，\n一只手把胸膛敞开，\n踉踉跄跄，直奔乱树林来。\n见一块大青石，那武松\n把梢棒一靠，翻身在青石上\n就要睡。忽然起了一阵狂风。\n那一阵风过处，只听得\n乱树背后扑地一声响，\n跳出一只吊睛白额大虫来。\n武松见了，叫声“啊呀”，\n从青石上翻将下来，\n便拿梢棒在手里，闪在青石旁边。\n那大虫又饿又渴，把两只前爪\n在地上略按一按，和身望上一扑，\n从半空里撺将下来。\n武松被那一惊，酒都做冷汗\n出了。说时迟，那时快，\n武松见大虫扑来，只一闪，\n闪在大虫背后。那大虫\n背后看人最难，便把前爪\n搭在地下，把腰胯一掀，\n掀将起来。武松只一闪，\n闪在一边。大虫见掀他不着，\n吼一声，却似半天里起个霹雳，\n振得那山冈也动。\n把这铁棒也似虎尾倒竖起来，\n只一剪。武松却又闪在一边。\n原来那大虫拿人，只是一扑，\n一掀，一剪，三般提不着时，\n气性先自没了一半。\n那大虫又剪不着，再吼了一声，\n一兜兜将回来。武松见那\n大虫复翻身回来，双手抡起梢棒，\n尽平生气力，只一棒，\n从半空劈将下来。只听得一声响，\n簌簌地，将那树连枝带叶劈脸打将下来。\n定睛看时，一棒劈不着大虫，\n原来打急了，正打在枯树上，\n把那条梢棒折做两截，\n只拿得一半在手里。\n那大虫咆哮，性发起来，\n翻身又扑过去。武松又一跳，\n退了十步远。那大虫恰好\n把两只前爪搭在武松面前。\n武松将半截梢棒丢在一边，\n两只手就势把大虫顶花皮揪住，\n一按按将下来。那大虫急要挣扎，\n被武松尽力气捺定，\n那里肯放半点儿松！\n武松把只脚望大虫面门上、\n眼睛里只顾乱踢。\n那大虫咆哮起来，\n把身底下扒起两堆黄泥，\n做了一个土坑。武松把那大虫\n嘴直按下黄泥坑里去。\n那大虫吃武松奈何得没了气力。\n武松把左手紧紧地揪住\n大虫的顶花皮，空出右手来，\n提起铁锤般大小拳头，\n尽平生之力，只顾打。\n打了五七十拳，那大虫\n眼里、口里、鼻子里、耳朵里，\n都迸出鲜血来。\n武松放了手，来松树边寻那\n打折的梢棒，拿在手里，\n只怕大虫不死，把棒橛又打了一回。\n那大虫气都没了。\n武松想：“天色看看黑了，\n倘或又跳出一只大虫来时，\n我却怎地斗得他过？\n且拽开步子，下冈子去。”');
INSERT INTO "articles" VALUES(245,'grade-5-vol-2','7 猴王出世','海外有一国土，名曰傲来国。\n国近大海，海中有一座名山，\n唤为花果山。那座山正当顶上，\n有一块仙石。盖自开辟以来，\n每受天真地秀，日精月华，\n感之既久，遂有灵通之意。\n内育仙胞，一日迸裂，\n产一石卵，似圆球样大。\n因见风，化作一个石猴，\n五官俱备，四肢皆全。\n那猴在山中，却会行走跳跃，\n食草木，饮涧泉，采山花，\n觅树果；与狼虫为伴，\n虎豹为群，獐鹿为友，猕猿为亲；\n夜宿石崖之下，朝游峰洞之中。\n一朝天气炎热，与群猴避暑，\n都在松阴之下顽耍。\n一群猴子耍了一会儿，去那\n山涧中洗澡。见那股涧水\n奔流真个似滚瓜涌溅。\n古云：“禽有禽言，兽有兽语。”\n众猴都道：“这股水不知是那里的水。\n我们今日赶闲无事，顺涧边\n往上溜头寻看源流，耍子去耶！”\n喊一声，都拖男挈女，\n呼弟呼兄，一齐跑来，\n顺涧爬山，直至源流之处，\n乃是一股瀑布飞泉。\n众猴拍手称扬道：“好水！好水！\n原来此处远通山脚之下，\n直接大海之波。”又道：\n“哪一个有本事的，钻进去\n寻个源头出来，不伤身体者，\n我等即拜他为王。”\n连呼了三声，忽见丛杂中\n跳出一个石猴，应声高叫道：\n“我进去！我进去！”\n好猴！瞑目蹲身，将身一纵，\n径跳入瀑布泉中，忽睁睛抬头观看，\n那里边却无水无波，明明朗朗\n的一架桥梁。他住了身，\n定了神，仔细再看，\n原来是座铁板桥。桥下之水，\n冲贯于石窍之间，倒挂流出去，\n遮闭了桥门。却又欠身上桥头，\n再走再看，却似有人家住处一般，\n真个好所在。\n石猴看罢多时，跳过桥中间，\n左右观看，只见正当中\n有一石碣。碣上有一行楷书大字，\n镌着“花果山福地，水帘洞洞天”。\n石猴喜不自胜，急抽身\n往外便走，复瞑目蹲身，\n跳出水外，打了两个呵呵道：\n“大造化！大造化！”\n众猴把他围住，问道：\n“里面怎么样？水有多深？”\n石猴道：“没水！没水！\n原来是一座铁板桥。\n桥那边是一座天造地设的家当。”\n众猴道：“怎见得是个家当？”\n石猴笑道：“这股水乃是桥下冲贯石窍，\n倒挂下来遮闭门户的。\n桥边有花有树，是一座石房。\n房内有石锅、石灶、石碗、\n石盆、石床、石凳。中间一块石碣\n上，镌着‘花果山福地，\n水帘洞洞天’。真个是我们\n安身之处。里面且是宽阔，\n容得千百口老小。我们都进去住，\n也省得受老天之气。”\n众猴听得，个个欢喜。\n都道：“你还先走，带我们进去，\n进去！”石猴却又瞑目蹲身，\n往里一跳，叫道：“都随我进来！\n进来！”那些猴有胆大的，\n都跳进去了；胆小的，一个个\n伸头缩颈，抓耳挠腮，大声叫喊，\n缠一会，也都进去了。\n跳过桥头，一个个抢盆夺碗，\n占灶争床，搬过来，移过去，\n正是猴性顽劣，再无一个宁时，\n只搬得力倦神疲方止。\n石猴端坐上面道：“列位呵，\n‘人而无信，不知其可’。\n你们才说有本事进得来，\n出得去，不伤身体者，\n就拜他为王。我如今进来又出去，\n出去又进来，寻了这一个洞天\n与列位安眠稳睡，各享成家之福，\n何不拜我为王？”众猴听说，\n即拱伏无违。一个个序齿排班，\n朝上礼拜，都称“千岁大王”。\n自此，石猴高登王位，\n将“石”字儿隐了，遂称美猴王。');
INSERT INTO "articles" VALUES(246,'grade-5-vol-2','8 红楼春趣','一语未了，只听窗外竹子\n上一声响，恰是窗屉子\n糊的纸，被风吹破了。\n众人唬了一跳。丫头们出去瞧时，\n帘外丫头子们说：“一个大蝴蝶风筝\n挂在竹梢上了。”众丫头笑道：\n“好一个齐整风筝！不知是谁家放的，\n断了线。拿下他来咱们放吧。”\n宝玉等听了，也都出来看时，\n宝玉笑道：“我认得这风筝，\n这是大老爷那院里嫣红姑娘放的。\n拿下来给他送过去罢。”\n紫鹃笑道：“难道天下\n没有一样的风筝，单他有这个不成？\n二爷也太死心眼儿了！\n我且拿起来，不放也罢。”\n宝玉道：“你这里等着，\n我叫人去拿我那个大美人儿来。”\n丫头们去了一回，拿了几把\n不曾放过的风筝来，各有式样。\n宝玉取了连环，黛玉取了风筝。\n宝玉道：“还没有个线儿呢。”\n丫头们走去拿了两轴子线。\n黛玉见风力紧了，过去将\n矟子一松，只听“豁喇喇”一阵响，\n登时线尽，风筝随风去了。\n宝玉说：“可惜了儿的！\n这一去不知落在哪里去了。”\n贾母道：“可是呢！把病根儿\n可都带了去了。”');
INSERT INTO "articles" VALUES(247,'grade-5-vol-2','9 古诗三首','从军行 [唐]王昌龄\n青海长云暗雪山，孤城遥望玉门关。\n黄沙百战穿金甲，不破楼兰终不还。\n秋夜将晓出篱门迎凉有感 [宋]陆游\n三万里河东入海，五千仞岳上摩天。\n遗民泪尽胡尘里，南望王师又一年。\n闻官军收河南河北 [唐]杜甫\n剑外忽传收蓟北，初闻涕泪满衣裳。\n却看妻子愁何在，漫卷诗书喜欲狂。\n白日放歌须纵酒，青春作伴好还乡。\n即从巴峡穿巫峡，便下襄阳向洛阳。');
INSERT INTO "articles" VALUES(248,'grade-5-vol-2','12 清贫','我从事革命斗争，已经十余年了。\n在这长期的奋斗中，\n我一向是过着朴素的生活，\n从没有奢侈过。经手的款项，\n总在数十万至数百万元，\n但为革命筹集的金钱，\n是一点一滴地用之于革命事业。\n这在国方的伟人们看来，\n颇似奇迹，或认为夸张；\n而矜持不苟，舍己为公，\n却是每个共产党员具备的美德。\n所以，如果有人问我身边\n存有多少钱，我可以讲：\n“几乎是零。”\n去年七月十五日，\n两个国方兵士在树林中发现了我，\n而且猜到我是什么人的时候，\n他们满肚子热望在我身上\n搜出一千或八百大洋，\n或者搜出一些金镯金戒指一类的东西，\n发个意外之财。哪知道从我\n上身摸到下身，从袄领捏到袜底，\n除了一只时表和一支自来水笔之外，\n一个铜板都没有搜出。\n他们不相信，并很仔细地\n把我的衣服裤子都翻个身，\n那两个兵士还拿着木柄榴弹\n要炸死我，以此来威吓我交出钱财。\n我微笑着，淡淡地说：\n“不要找了，没有。\n我们革命不是为着发财！”\n是不是还要问问我家里有没有\n一些财产？请等一下，\n让我想一想，啊，记起来了，\n有的有的，但不算多。\n几套旧汗褂裤，几双缝上底的线袜，\n两种传家宝，自然是算不上的，\n但已是我为党工作的唯一的费用了。\n清贫，洁白朴素的生活，\n正是我们革命者能够战胜许多困难\n的地方！');
INSERT INTO "articles" VALUES(249,'grade-5-vol-2','13 人物描写一组','摔跤\n“要不，摔跤。”\n“是吗？”小嘎子在家里\n跟人摔跤，一向有“花把势”，\n不容推辞，迫不及待地\n脱了单褂，就和胖墩儿在院子里\n站了马步。俩人把“枪”和“鞭”\n放在门墩上，抱在了一起。\n起初，小嘎子精神抖擞，\n欺负对手傻大黑粗，动转不灵，\n围着他猴儿似的蹦来蹦去，\n总想使巧招，下冷绊子，\n仿佛很占了上风。可是小胖墩儿\n也是个摔跤的惯手，塌着腰，\n合了裆，鼓着眼珠子，\n不露一点儿破绽。两人走马灯似的\n转了三四圈，终于三抓两挠，\n揪在了一起。这一来，\n小嘎子可上了当：小胖墩儿膀大腰粗，\n一身牛劲儿，任你怎样推拉拽顶，\n硬是扳不动他。小嘎子已有些\n沉不住气，刚想用脚腕子\n去钩他的腿，不料反给他把脚别住了。\n胖墩儿趁势往旁侧里一推，\n咕咚一声，小嘎子摔了个仰面朝天。\n他像一棵挺脱的树\n祥子手里现钱不多。\n本来他在家里置了点地，\n与大兵闹了那么一回，\n虽然没失了地，可是也没了\n手里的现钱。他想买辆车。\n他像一棵挺脱的树，\n立在人行道旁。他的车\n也是从厂子里赁来的，\n是辆新车。他把车拉出去，\n觉得身上有使不完的劲。\n他想，若是自己买上车，\n那该多好！他寻思着，\n拉起车快步走了起来。\n两茎灯草\n严监生喉咙里痰响得一进一出，\n一声不倒一声的，总不得断气，\n还把手从被单里拿出来，\n伸着两个指头。大侄子走上前来问道：\n“二叔，你莫不是还有两个亲人\n不曾见面？”他就把头摇了两三摇。\n二侄子走上前来问道：\n“二叔，莫不是还有两笔银子\n在那里，不曾吩咐明白？”\n他把两眼睁的溜圆，\n把头又狠狠摇了几摇，\n越发指得紧了。奶妈抱着哥子\n插口道：“老爷想是因两位舅爷\n不在跟前，故此记念。”\n他听了这话，把眼闭着摇头，\n那手只是指着不动。\n赵氏慌忙揩揩眼泪，走近上前道：\n“爷，别人都说的不相干，\n只有我晓得你的意思！\n你是为那灯盏里点的是两茎灯草，\n不放心，恐费了油。\n我如今挑掉一茎就是了。”\n说罢，忙走去挑掉一茎。\n众人看严监生时，点一点头，\n把手垂下，登时就没了气。');
INSERT INTO "articles" VALUES(250,'grade-5-vol-2','14 刷子李','专干粉刷这一行。\n他要是给您刷浆，\n必穿一身黑，干完活，\n身上绝没有一个白点。\n别不信！他还给自己立下一个规矩，\n只要身上有白点，白刷不要钱。\n曹小三是他的徒弟，\n是头一次跟师傅出去干活，\n所以特意用目光细细地\n搜寻师傅身上有没有白点。\n刷子李干活还有个规矩。\n每刷完一面墙，必得在凳子上\n坐一坐，抽一袋烟，喝一碗茶，\n再刷下一面墙。仔细瞧瞧，\n刷子李这手艺还真不赖。\n刷过去的墙面，真好比\n平平整整打开一面雪白的屏障。\n曹小三最关心的还是\n刷子李身上到底有没有白点。\n当刷子李刷完最后一面墙\n坐下来时，曹小三发现\n师傅裤子上出现一个白点，\n黄豆大小。曹小三指着白点，\n问：“师傅，这是什么？”\n刷子李一看，说：\n“傻小子，你仔细瞧瞧，\n那是白点吗？”曹小三\n凑近一看，原来是师傅抽烟时，\n烟斗里烧出来的一个小洞，\n刚好露出了里面的白衬裤。\n曹小三这回可真是服了刷子李。');
INSERT INTO "articles" VALUES(251,'grade-5-vol-2','17 跳水','一艘环游世界的帆船\n正往回航行。这一天\n风平浪静，水手们都在甲板上。\n一只猴子在人群里钻来钻去，\n模仿人的动作，惹得大家哈哈大笑。\n它显然知道大家拿它取乐，\n因而更加放肆起来。\n船长的儿子才十二岁，\n他也笑得很开心。猴子忽然\n跳到他面前，摘下他的帽子戴在\n自己的头上，很快地爬上了桅杆。\n水手们又大笑起来，\n只有那个孩子哭笑不得，\n眼巴巴地望着猴子坐在桅杆的\n第一根横木上，摘下帽子\n用牙齿咬，用爪子撕，\n好像故意逗孩子生气。\n孩子吓唬它，朝着它大喊大叫。\n猴子不但不理，还撕得更凶了。\n水手们笑得更欢了，\n孩子却气得脸都红了。\n他脱了上衣，爬上桅杆去追猴子。\n他想一旦抓住了它，非打死它不可。\n猴子爬到了桅杆的顶端，\n把帽子挂在最高的横木的一头，\n然后坐在桅杆的顶端，\n扭着身子，龇牙咧嘴做着怪样。\n孩子气极了，他的手\n放开了绳子和桅杆，\n张开胳膊，摇摇晃晃地\n走上横木去取帽子。\n这时候，甲板上的水手\n全都吓呆了。孩子只要一失足，\n直摔到甲板上就没有命了。\n即使他走到横木头上拿到了帽子，\n也难以回转身来。有个人吓得大叫了一声。\n孩子听到叫声往下一望，\n两条腿不由得发起抖来。\n正在这时候，船长从船舱里出来，\n手里拿着一支枪。他本来是想\n打海鸥的，看见儿子在桅杆顶端的横木上，\n就立刻瞄准儿子，喊道：\n“向海里跳！快！不跳我就开枪了！”\n孩子心惊胆战，站在横木上摇摇晃晃的，\n没听明白他爸爸的话。\n船长又喊：“向海里跳！\n不然我就开枪了！一！二！”\n刚喊出“三”，孩子往下一纵身，\n跳进了大海。扑通一声，\n孩子像颗炮弹一样扎进了海里。\n四十秒钟——大家已经觉得时间太长了。\n等孩子一浮上来，水手们\n立刻把他救上了甲板。');
INSERT INTO "articles" VALUES(252,'grade-5-vol-2','19 牧场之国','荷兰，是水之国，花之国，\n也是牧场之国。一条条运河\n之间的绿色低地上，黑白花牛，\n便是这里的主人。它们\n散落在草原上，有的牛背上\n盖着防潮的毛毡。牛群吃草时非常专注，\n有时站立不动，仿佛正在思考什么。\n牛犊的模样像贵妇人，\n仪态端庄。老牛好似牛群的家长，\n无比尊严。极目远眺，\n四周全是丝绒般的碧绿草原\n和黑白两色的花牛。这就是真正的荷兰。\n碧绿色的低地镶嵌在一条条运河之间，\n成群的骏马，匹匹膘肥体壮。\n除了深深的野草遮掩着的运河，\n没有什么能够阻挡它们飞驰到远方。\n辽阔无垠的原野似乎归它们所有，\n它们是这个自由王国的主人和公爵。\n在天堂般的绿色草原上，\n白色的绵羊，悠然自得。\n黑色的猪群，不停地呼噜着，\n像是对什么表示赞许。\n成千上万的小鸡，成群结队的长毛山羊，\n在见不到一个人影的绿草地上，\n安闲地欣赏着这属于它们自己的王国。\n到了傍晚，才看见有人驾着小船过来，\n坐上小板凳，给严肃沉默的奶牛挤奶。\n金色的晚霞铺在西天，\n远处偶尔传来汽笛声，\n接着又是一片寂静。\n在这里，谁都不叫喊吆喝，\n牛脖子上的铃铛也没有响声，\n挤奶的人更是默默无言。\n运河之中，装满奶桶的船只\n在舒缓平稳地行驶。\n满载着一罐一罐牛奶的汽车、\n火车，不停地开往城市。\n车船过后，一切又恢复了平静。\n最后一抹晚霞也渐渐消失了，\n整个天地都暗了下来。\n狗不叫了，圈里的牛也不再发出哞哞声，\n马也忘记了踢马房的挡板。\n沉睡的牲畜，无声的低地，\n漆黑的夜晚，远处的几座灯塔\n在闪烁着微弱的光芒。\n这就是真正的荷兰。');
INSERT INTO "articles" VALUES(253,'grade-5-vol-2','20 金字塔','金字塔夕照\n在金色的夕阳下，金字塔\n显得十分神秘。它的轮廓\n从锋利的角上滑落下来，\n消失在无边的沙海中。\n在金色的夕阳下，金字塔\n像一座金山，闪闪发光。\n几千年来，它就这样\n矗立在沙漠中，见证了\n古埃及的兴衰和历史的变迁。\n不可思议的金字塔\n最大的金字塔——胡夫金字塔。\n建于公元前2600年左右。\n原高约146米，现高约137米。\n塔基原边长约230米，现长227米。\n用石约230万块，平均每块重2.5吨。\n整个胡夫金字塔相当于50层楼高，\n塔基占地面积约52900平方米。\n塔身由230万块巨石砌成，\n平均每块重2.5吨，最重的达160吨。\n如此宏伟而又精巧的建筑，\n是怎样建造起来的呢？\n据说是先砌好地面的一层，\n然后堆起一个和这一层同样高的土坡，\n人们顺着土坡，把石块拉上第二层。\n就这样，一层层砌上去，\n金字塔有多高，土坡就有多高。\n塔建成后，土坡变成了一座大山。\n然后人们又把这座大山移走，\n让金字塔显露出来。\n有人说金字塔是外星人建造的，\n因为至今也没有人能解释\n古埃及人是怎样把那么多\n巨大的石块运到塔顶去的。\n还有人说，金字塔\n是古埃及人利用水的浮力建造的。\n不管怎样，金字塔\n都是人类智慧的结晶，\n是世界建筑史上的奇迹。');
INSERT INTO "articles" VALUES(254,'grade-5-vol-2','22 手指','我们每个人，都随时随地随身\n带着十根手指，永不离身。\n一只手上的五根手指，\n各有不同的姿态，各具不同的性格，\n各有所长，各有所短。\n大拇指在五指中，形状实在算不上美。\n身体矮而胖，头大而肥，\n构造简单，比人家少一个关节。\n但在五指中，却是最肯吃苦的。\n例如拉胡琴，总由其他四指按弦，\n却由他相帮扶住琴身；\n水要喷出来，叫他死力抵住；\n血要流出来，叫他拼命按住；\n重东西翻倒去，叫他用劲扳住；\n无论是讨好生活，或是吃苦生活，\n都有他的份儿。\n常与大拇指合作的是食指。\n他的姿态可不如其他三指窈窕，\n都是直直落落的强硬的曲线。\n他的工作虽不如大拇指吃力，\n却比大拇指复杂。拿笔的时候，\n全靠他推动笔杆；遇到危险的事，\n都要由他去试探或冒险；\n秽物、毒物、烈物，他接触的机会最多；\n刀伤、烫伤、轧伤、咬伤，他消受的机会最多。\n五指中地位最优、相貌最堂皇的，\n无如中指。他居于中央，\n势有独立。永远不受外物冲撞，\n所以曲线优美，处处显示着\n养尊处优。他只在工作需要物力支撑，\n或者做主的时候，才出来扶衬而已。\n无名指和小指，体态秀丽，\n样子可爱。然而，他们能力薄弱，\n也无过于爱护。他们\n只在兰花指、打电话、喝茶、\n拿杯子的时候，才有点用武之地。\n手指的全体，同人群的全体一样，\n五根手指如果能一致团结，\n成为一个拳头，那就根根有用，\n根根有力量，不再有什么强弱、\n美丑之分了。');
INSERT INTO "articles" VALUES(255,'grade-5-vol-2','23 童年的发现','我在九岁的时候就发现了\n有关胚胎发育的规律，\n这完全是我独立思考的结果。\n听完这句话，你大概会忍不住哈哈大笑，\n愿意笑你就笑吧，反正这是事实。\n我读小学一年级的时候，\n老师教我们生物课。\n有一次，老师说：\n“母腹中的胎儿，是经过九个月\n的时间才长成的。”\n我想：“为什么是九个月呢？”\n我问老师。老师说：\n“在这个九个月里，胎儿在母腹中，\n从一个细胞变成一个小鱼，\n经过了千万年的进化，\n才变成人。”\n“为什么是千万年呢？”\n“因为人的进化过程是很漫长的。”\n老师的回答并没有解开我的疑惑。\n我想：“为什么人不是直接\n生下来就是人呢？”\n带着这个疑问，我开始观察。\n我发现，家里的猫、狗、鸡、鸭，\n都有孩子，而且都长得像它们的父母。\n只有人，生下来不像父母。\n我想：“也许，人真的像老师说的那样，\n是由小鱼变成的。”\n我为自己的发现感到高兴。\n后来，我把我的发现告诉了伙伴们，\n他们都笑话我。三年后，\n我上了六年级。老师在讲进化论的时候，\n讲到了人的起源。老师说：\n“人是由古猿进化来的。”\n“那么，古猿又是从哪里来的呢？”\n“古猿是由一种鱼进化来的。”\n“鱼又是从哪里来的呢？”\n“鱼是由单细胞生物进化来的。”\n我忽然想起了我九岁时的发现，\n情不自禁地笑出了声音。\n老师看了我一眼，问：\n“费奥多罗夫，你笑什么？”\n我站起来，红着脸说：\n“老师，我九岁的时候就发现了\n这个规律。”老师和同学们\n都愣住了。过了一会儿，\n老师笑着说：“你真了不起！”\n我明白了——世界上重大的发明与发现，\n有时还面临着受到驱逐和迫害的风险。');
INSERT INTO "sqlite_sequence" VALUES('d1_migrations',2);
INSERT INTO "sqlite_sequence" VALUES('articles',255);
